000,11,INX Inmarsat,
GRC,Cosmote Mobile Telecommunications S.A.,COSMOTE,GR COSMOTE,C-OTE,GSM 1800,202,01,893001,"2012-07-05				",null,GR COSMOTE,
GRC,Vodafone-Panafon Hellenic Telecommunications Company S.A.,vodafone,vodafone GR,voda GR,GSM 900,202,05,8930050,"2013-04-09				",null,vodafone GR,
GRC,Wind Hellas Telecommunications S.A.,WIND,WIND GR,WIND,GSM 1800,202,09,"893010	 893009","2012-12-17			",
GRC,Wind Hellas Telecommunications S.A.,WIND,WIND GR,WIND,GSM 1800,202,10,"893010	 893009","2012-12-17			",null,TIM GR,
NLD,Tele2 Mobiel B.V.,Tele2 Nederland,Tele2 NL,Tele2,LTE 800,204,02,8931422,"2014-10-02				",
NLD,Vodafone Libertel B.V.,vodafone,vodafone NL,voda NL,GSM 900,204,04,893144,"2014-07-02				",null,vodafone NL,
NLD,KPN B.V.,Telfort B.V.,NL Telfort,NL Tlfrt,GSM 1800,204,12,893126,"2014-10-02				",null,NL Telfort,
NLD,T-Mobile Netherlands B.V.,T-Mobile NL,T-Mobile NL,TMO NL,3G 2100 ,204,16,8931169,"2015-03-18				",null,T-Mobile NL,
204,20,Orange NL,
BEL,Proximus PLC,Proximus,Proximus Bel,Proximus,3G 2100,206,01,20601,"2015-06-12				",null,BEL PROXIMUS,
BEL,Mobistar S.A.,Mobistar,MOBISTAR,BELMO,GSM 1800,206,10,20610,"2015-06-12				",null,B mobistar,
BEL,BASE Company NV/SA,Base,Base Company,BE,GSM 1800,206,20,8932030,"2015-06-12				",null,BASE,
FRA,Orange,Orange France,Orange F,Orange,3G 900,208,01,893301,"2012-03-09				",null,Orange F,
FRA,Orange,Orange France,F-Contact,Contact,GSM 1800,208,02,893301,"2013-02-11				",null,F - Contact,
FRA,Société Française du Radiotéléphone S.A.,SFR,F SFR,SFR,GSM 1800,208,09,893310,"2014-12-03				",
FRA,Société Française du Radiotéléphone S.A.,SFR,F SFR,SFR,GSM 1800,208,10,893310,"2014-12-03				",null,F SFR,
FRA,Société Française du Radiotéléphone S.A.,SFR (FEMTO),SFR FEMTO,SFRFEMTO,3G 2100,208,11,893310,"2014-12-03				",
FRA,Société Française du Radiotéléphone S.A.,SFR (Contact),F - Contact,Contact,GSM 900,208,13,893310,"2014-12-03				",null,F - Contact,
FRA,Bouygues Télécom ,Bouygues Telecom,F-Bouygues Telecom,BYTEL,3G 2100,208,20,893320,"2012-09-19				",null,F-Bouygues Telecom,
FRA,Bouygues Télécom ,Bouygues Telecom (Contact),F - Contact,Contact,GSM 900,208,88,893320,"2012-09-19				",null,F - Contact,
MCO,Monaco Telecom S.A.M.,Monaco Telecom,Monaco,MONACO,3G 2100,212,10,8921210,"2012-07-05				",null,Monaco,
AND,Servei De Telecomunicacions dAndorra,ANDORRA TELECOM,ANDORRA-MOBILAND,M-AND,3G 2100,213,03,8937603,"2015-05-05				",null,MOBILAND,
ESP,"Vodafone España	 S.A.U.",vodafone,vodafone ES,voda ES,GSM 900,214,01,893456,"2015-04-28			",null,vodafone ES,
ESP,"Orange Espagne	 S.A.	 sociedad unipersonal","Orange Espagne	 S.A.U	 sociedad unipersonal",Orange SP,ESPRT,GSM 900,214,03,893401,2015-04-28,null,Orange,
ESP,"Xfera Móviles	 S.A.",YOIGO,YOIGO,YOIGO,3G 2100,214,04,893404,"2014-12-03			",null,Yoigo,
ESP,Telefónica Móviles España S.A.,Movistar,Movistar,Movistar,GSM 1800,214,07,893407,"2012-07-05				",null,movistar,
HUN,Telenor Magyarország Zártkörűen Működő Részvénytársaság,Telenor 3G,Telenor HU,TelenorH,3G 2100,216,01,893620,"2010-06-17				",null,Telenor HU,
HUN,Magyar Telekom Nyrt.,T-Mobile Hungary,Telekom HU,THU,LTE 1800,216,30,893630,"2015-02-25				",null,T-Mobile H,
HUN,Vodafone Hungary Mobile Telecommunications Company Limited,vodafone,vodafone HU,voda HU,3G 2100,216,70,893670,"2015-03-23				",null,vodafone HU,
218,03,HT ERONET,
BIH,RS Telecommunications  JSC Banja Luka,m:tel,m:tel,m:tel,GSM 900,218,05,8938705,"2014-12-16				",
BIH,BH Telecom JSC Sarajevo,BH Mobile,BH Mobile,BHMobile,GSM 1800,218,90,8938701,"2012-07-05				",
BIH,Public Enterprise Croatian Telecom JSC,Croatian Telecom Inc,HT HR,HT HR,GSM 900,219,01,8938598,"2015-03-12				",null,T-Mobile HR,
HRV,VIPnet d.o.o.,VIP-NET,HR VIP,VIP,GSM 900,219,10,8938591,"2004-04-14				",null,HR VIP,
SRB,Telenor d.o.o.,Telenor,Telenor SRB,Telenor,GSM 1800,220,01,8938101,"2012-07-05				",null,Telenor SRB,
220,02,ProMonte,
SRB,Telekom Srbija a.d.,Telekom Srbija,mt:s,MTS,3G 2100,220,03,8938103,"2012-09-19				",null,YUG 03,
220,04,T-Mobile CG,
ITA,Telecom Italia SpA,TIM,I TIM,TIM,GSM 900,222,01,893901,"2014-03-20				",null,I TIM,
ITA,Vodafone Omnitel B.V.,vodafone,vodafone IT,voda IT,GSM 900,222,10,893910,"2004-09-28				",null,vodafone IT,
ITA,Wind Telecomunicazioni S.p.A.,Wind Telecomunicazioni SpA,I WIND,I WIND,3G 2100,222,88,893988,"2015-04-28				",
ROU,S.C. Vodafone Romania S.A.,Vodafone RO,RO Vodafone RO,VF-RO,3G 2100,226,01,894001,"2012-07-05				",null,RO Vodafone RO,
ROU,Telekom Romania Mobile Communications S.A.,TELEKOM.RO,TELEKOM.RO,TELEKOM,GSM 1800,226,03,894003,"2014-09-29				",null,RO COSMOTE,
ROU,S.C. RCS & RDS S.A.,Digi.Mobil,RO Digi.Mobil,Digi,3G 2100,226,05,894005,"2011-09-15				",null,RO Digi.Mobil,
ROU,S.C. Orange România S.A.,ORANGE,RO ORANGE,ORANGE,GSM 900,226,10,894010,"2004-04-16				",null,RO ORANGE,
ROU,S.C. 2K Telecom S.R.L.,2K Telecom ,RO 2K Telecom ,RO 2KT,TD-LTE 2600,226,15,894015,"2015-04-28				",
CHE,Sunrise Communications AG,Sunrise,Sunrise,Sunrise,GSM 1800,228,02,894102,"2012-05-22				",
CHE,Salt Mobile SA,Salt.,Salt.,Salt.,LTE 2600,228,03,894103,"2015-04-30				",null,orange CH,
228,07,In&Phone,
228,08,CHE  Tele2 Switzerland,
CZE,T-Mobile Czech Republic a.s.,T-Mobile CZ,T-Mobile CZ,TMO CZ,GSM 900,230,01,894201,"2004-04-14				",null,T-Mobile CZ,
CZE,O2 Czech Republic a.s.,O2 CZ,O2 CZ,O2 CZ,GSM 900,230,02,894202,"2014-12-03				",null,O2 - CZ,
CZE,Vodafone Czech Republic a.s.,Vodafone,Vodafone CZ,Vodafone,GSM 1800,230,03,894203,"2006-02-10				",null,Vodafone CZ,
SVK,"Orange Slovensko	 a.s.",Orange SK,Orange SK,Orange,GSM 1800,231,01,8942101,"2012-07-05			",null,Orange SK,
SVK,"Slovak Telekom	 a.s.",Telekom,Telekom SK,Telekom,GSM 1800,231,02,8942102,"2012-02-21			",null,Telekom SK,
SVK,"SWAN	 a.s.",SWAN SK,SWAN SK,SWAN SK,LTE 1800,231,03,894210,"2015-03-23			",
AUT,A1 Telekom Austria AG ,A1,A1,A1,GSM 1800,232,01,894301,"2015-02-04				",
AUT,T-Mobile Austria GmbH,T-Mobile Austria,T-Mobile A,TMA,GSM 900,232,03,894303,"2014-05-08				",null,T-Mobile Austria,
AUT,Hutchison Drei Austria GmbH,Drei,3 AT,3 AT,3G 2100,232,05,894305,"2015-06-11				",null,Orange AT,
AUT,T-Mobile Austria GmbH,Tele-ring,telering,telering,GSM 1800,232,07,894307,"2014-05-08				",null,tele - ring,
AUT,Hutchison Drei Austria GmbH,Drei,3 AT,3 AT,3G 2100,232,10,894310,"2015-06-11				",
AUT,A1 Telekom Austria AG ,yesss!,yesss!,yesss!,3G 2100,232,12,894301,"2015-02-04				",null,Orange AT,
234,01,UK01,
GBR,Jersey Airtel Limited,Airtel-Vodafone,Airtel-Vodafone,ATL-VOD,GSM 900,234,03,894476,"2015-04-28				",null,Airtel-Vodafone,
234,07,Cable&Wireless UK,
234,09,PMN UK,
GBR,Vodafone Ltd,vodafone,vodafone UK,voda UK,3G 900,234,15,894410,"2015-02-25				",null,vodafone UK,
234,16,Opal UK,
GBR,TeleWare PLC,PMN,PMN UK,PMN,GSM 1800,234,19,89,"2011-11-16				",null,PMN UK,
234,28,Marathon,
GBR,Everything Everywhere Limited,T-Mobile,EE,EE,GSM 1800,234,30,894430,"2012-11-21				",null,T-Mobile UK,
GBR,Everything Everywhere Limited,T-Mobile,EE,EE,3G 2100,234,31,894430,"2012-12-17				",null,T-Mobile UK,
GBR,Everything Everywhere Limited,T-Mobile,EE,EE,3G 2100,234,32,894430,"2012-12-17				",null,T-Mobile UK,
GBR,Everything Everywhere Limited,Orange,EE,EE,3G 2100,234,33,894412,"2012-12-17				",null,Orange,
GBR,JT (Guernsey) Limited,JT,JT,JT,GSM 1800,234,50,894450,"2015-04-07				",null,GBRJT,
GBR,Sure (Isle of Man) Limited,Sure (Isle of Man) Limited,Sure,Sure,3G 2100,234,55,894455,"2013-07-31				",null,C&W (SURE),
GBR,Manx Telecom,Manx Telecom,Manx Telecom,MANX,GSM 900,234,58,894453,"2014-05-08				",null,Manx Telecom Mobile,
DNK,TDC A/S,TDC Denmark,DNKTD,TD,GSM 900,238,01,894501,"2015-04-30				",null,TDC MOBIL,
DNK,Telenor A/S,Telenor DK,Telenor DK,TelenoDK,GSM 900,238,02,894502,"2014-12-03				",null,Telenor DK,
DNK,Telia Nattjanster Norden AB,TeliaSonera DK,Telia DK,Telia,GSM 900,238,20,894504,"2013-01-28				",null,TELIA DK,
DNK,Telenor A/S,Telenor DK,Telenor DK,TelenoDK,3G 2100,238,77,894502,"2014-12-03				",null,Telenor DK,
SWE,TeliaSonera Mobile Networks AB,TeliaSonera,TELIA S,TELIA,GSM 1800,240,01,894601,"2003-12-12				",null,TELIA S,
SWE,Hi3G Access AB,Hi3G Access AB / Telenor Sverige AB,SWEDEN,SWE,3G 2100,240,04,894608,"2014-06-17				",null,SWEDEN,
SWE,Tele2 AB,COMVIQ GSM shared with TeliaSonera MobileNetworks,Sweden 3G,Sweden3G,3G 2100,240,05,894620,"2008-07-23				",null,Sweden 3G,
SWE,Tele2 AB,Tele 2 AB,Tele2,Tele2 SE,GSM 900,240,07,8946100,"2013-08-16				",
SWE,Telenor Sverige AB,Telenor,Telenor SE,TelenorS,3G 2100,240,08,894608,"2014-10-07				",null,Telenor SE,
240,10,SpringMobil SE,
DNK,TDC A/S,TDC Sweden,SWETD,TD, ,240,14,894702,"2015-04-30				",
SWE,Telenor Sverige AB,Telenor,Telenor SE,TelenorS,GSM 900,240,24,894608,"2014-10-07				",null,Sweden Mobile,
NOR,Telenor Norge AS,TELENOR,N Telenor,TELENOR,GSM 1800,242,01,894701,"2004-04-16				",null,N Telenor,
NOR,TeliaSonera Norge AS,NetCom,N NetCom,NetCom,GSM 1800,242,02,894708,"2005-02-24				",null,N NetCom,
242,03,MTU,
NOR,Mobile Norway AS,Mobile Norway,Mobile Norway,Mobile N,3G 2100,242,04,894704,"2012-07-05				",null,Mobile Norway,
NOR,Mobile Norway AS,Mobile Norway,Mobile Norway,Mobile N,GSM 900,242,05,894705,"2009-12-11				",null,Mobile Norway,
DNK,TDC A/S,TDC Norway,NORTD,TD, ,242,08,894702,"2015-04-30				",
NOR,ICE Communication Norge AS,ICE Norge AS,ice.net,ice.net,LTE 800,242,14,894714,"2015-04-28				",
FIN,DNA Ltd,DNA Ltd,FI DNA,DNA,GSM 1800,244,03,8935806,"2015-04-28				",null,dna,
FIN,Elisa Corporation,Elisa Corporation,FI elisa,elisa,GSM 900,244,05,8935802,"2014-04-17				",null,FI elisa,
FIN,DNA Ltd,DNA Ltd,FI DNA,DNA,GSM 1800,244,12,8935806,"2015-04-28				",null,dna,
FIN,Ålands Telekommunikation Ab,Alands Telekommunikation Ab,FI AMT,FI AMT,GSM 900,244,14,8935807,"2014-08-15				",
FIN,DNA Ltd,DNA Ltd - SuomenYV,DNA - Sonera FI,SuomenYV,LTE 2600,244,36,8935806,"2015-04-28				",
FIN,TeliaSonera Finland Oyj,SONERA,FI SONERA,SONERA,LTE 2600,244,91,8935801,"2015-05-05				",null,FI SONERA,
LTU,Omnitel,OMNITEL,OMNITEL LT,OMT,GSM 900,246,01,8937001,"2003-02-07				",null,OMNITEL LT,
LTU,UAB Bitė Lietuva,BITE GSM,LT BITE GSM,BITE,LTE 1800,246,02,8937002,"2015-04-30				",null,LT BITE GSM,
LVA,Latvijas Mobilais Telefons,LMT,LV LMT,LMT,GSM 1800,247,01,8937101,"2012-09-12				",null,LV LMT GSM LV LMT,
LVA,Tele2 SIA,TELE2,Tele2 LV,Tele2 LV,3G 2100,247,02,8937102,"2015-04-28				",null,LV TELE2,
EST,AS Eesti Telekom,EMT,EMT,EMT,3G 2100,248,01,8937201,"2014-10-03				",null,EE EMT,
EST,Elisa Eesti AS,Elisa Eesti,EE Elisa,Elisa,GSM 900,248,02,8937202,"2014-09-16				",null,EE elisa,
RUS,Mobile TeleSystems OJSC,MTS,MTS RUS,MTS RUS,GSM 1800,250,01,8970101,"2014-12-02				",null,MTS-RUS,
RUS,OJSC MegaFon,MegaFon,MegaFon RUS,MegaFon,GSM 1800,250,02,8970102,"2015-02-09				",null,MegaFon RUS,
RUS,CJSC Nizhegorodskaya Cellular Communication,Rostelecom OJSC,ROSTELECOM,RTC,GSM 900,250,03,8970103,"2012-02-09				",null,ROSTELECOM,
250,04,SIBCHALLENGE RUS,
RUS,CJSC Yeniseytelecom,Yeniseytelecom,ROSTELECOM,RTC,GSM 1800,250,05,8970105,"2014-10-31				",null,ROSTELECOM,
RUS,JSC SMARTS-Samara,SMARTS,"RUS 07	 RUS SMARTS",SMARTS,GSM 900,250,07,8970107,"2003-04-28			",null,RUS 07 RUS SMARTS,
250,10,RUS DTC,
RUS,CJSC Baykalwestcom ,Baykalwestcom,ROSTELECOM,RTC,GSM 900,250,12,8970112,"2013-01-21				",null,Far East  RUS 12  250 12,
250,13,RUS Kuban-GSM,
RUS,JSC SMARTS-Samara,SMARTS-Ufa,"RUS15	 RUS SMARTS",SMARTS,GSM 1800,250,15,8970115,"2004-04-07			",null,RUS15 RUS SMARTS,
RUS,OJSC VimpelCom,New Telephone Company,NTC,NTC,GSM 900,250,16,8970116,"2014-03-20				",null,RUS16250 16,
RUS,CJSC "RT-Mobile",ROSTELECOM,ROSTELECOM,RTC,GSM 1800,250,17,8970139,"2014-09-29				",null,ROSTELECOM,
250,19,RUS INDIGO,
250,20,TELE2 RU,
RUS,LLC Antares,VOICE,VOICE,VOICE,LTE 1900,250,28,8970128,"2015-06-03				",null,RUS Beeline,
250,37,KODOTEL,
RUS,CJSC "RT-Mobile",ROSTELECOM,ROSTELECOM,RTC,GSM 900,250,38,8970139,"2014-09-29				",null,ROSTELECOM,
RUS,CJSC "RT-Mobile",ROSTELECOM (RUSUT),ROSTELECOM,RTC,GSM 900,250,39,8970139,"2014-09-29				",null,ROSTELECOM,
RUS,OJSC VimpelCom,Beeline,Beeline,Beeline,3G 2100,250,99,8970199,"2014-03-20				",
UKR,"Kyivstar	 Private Joint Stock Company",Beeline UA,Beeline UA,Beeline,GSM 900,255,02,8938002,"2006-11-22			",null,Beeline UA,
UKR,"Kyivstar	 Private Joint Stock Company",KYIVSTAR,UA-KYIVSTAR,UA-KS,GSM 900,255,03,8938003,"2004-04-16			",null,UA-KYIVSTAR,
255,05,UA-GT,
UKR,TriMob LLC,TriMob,TriMob,TriMob,3G 2100,255,07,8938007,"2012-02-15				",
255,255,TriMob,
BLR,Unitary enterprise velcom,VELCOM,BY VELCOM,VELCOM,GSM 1800,257,01,8937501,"2014-05-07				",null,BY VELCOM,
BLR,JLLC Mobile TeleSystems,MTS,MTS BY,MTS,GSM 1800,257,02,8937502,"2004-04-13				",null,MTS BY,
BLR,Belarusian Telecommunications Network CJSC,Belarusian Telecommunications Network CJSC,life:) BY,life:)BY,3G 2100,257,04,8937503,"2014-06-13				",null,life:) BY,
MDA,Orange Moldova S.A.,VoXtel,Orange MD,Orange,GSM 900,259,01,8937301,"2007-03-20				",null,Orange MD,
MDA,Moldcell S.A,Moldcell,Moldcell,Moldcell,GSM 900,259,02,8937302,"2015-04-28				",null,MD MOLDCELL,
259,04,MDA EVENTIS,
MDA,Moldtelecom S.A.,UNITE,UNITE,UNITE,3G 1900,259,05,8937303,"2011-09-15				",
POL,Polkomtel Sp. z o.o. ,Plus,Plus,PLUS,GSM 900,260,01,894801,"2012-08-24				",null,Plus,
POL,T-Mobile Polska S.A.,T-Mobile.pl,T-Mobile.pl,TM PL,GSM 900,260,02,894802,"2012-07-05				",null,T-Mobile.pl,
POL,Orange Polska S.A.,Orange,Orange PL,Orange,3G 2100,260,03,894803,"2012-07-05				",null,Orange PL,
POL,P4 Sp. z o.o.,P4,Play,Play,3G 2100,260,06,894806,"2011-09-15				",null,POL,
DEU,Telekom Deutschland GmbH,Telekom Deutschland GmbH,Telekom.de,TDG,3G 2100,262,01,894902,"2012-07-05				",null,Telekom.de,
DEU,Vodafone GmbH,Vodafone,Vodafone.de,Vodafone,3G 2100,262,02,894920,"2012-09-17				",null,Vodafone.de,
DEU,E-Plus Mobilfunk GmbH & Co. KG,E-Plus,E-Plus,E-Plus,LTE 1800,262,03,894921,"2014-12-03				",
DEU,Telefónica Germany GmbH & Co. OHG,O2 Germany,o2 - de,o2 - de,GSM 1800,262,07,894922,"2015-03-18				",
DEU,Telefónica Germany GmbH & Co. OHG,O2 Germany,o2 - de,o2 - de,3G 2100,262,08,894922,"2015-03-18				",
GIB,Gibtelecom Limited,GIBTEL,GIBTEL,GIBTEL,3G 2100,266,01,8935001,"2015-06-03				",null,GIBTEL GSM,
266,06,CTS,
PRT,"Vodafone Portugal - Comunicações Pessoais	 S.A.",vodafone,vodafone P,voda P,GSM 900,268,01,8935101,"2012-07-05			",null,vodafone P,
PRT,"NOS – Comunicações	 S.A.",NOS,NOS,NOS,GSM 900,268,03,8935103,"2014-08-13			",null,P OPTIMUS,
PRT,MEO - Serviços de Comunicações e Multimédia SA,MEO,MEO,MEO,GSM 900,268,06,8935106,"2014-10-07				",null,P TMN,
LUX,Entreprise des Postes et Télécommunications,POST,POST,POST,LTE 800,270,01,8935201,"2015-02-04				",null,L LUXGSM,
LUX,Tango SA,TANGO,L TANGO,TANGO,GSM 900,270,77,8935277,"2015-04-28				",null,L TANGO,
LUX,Orange Communications Luxembourg S.A.,Orange,L Orange-LU,Orange,GSM 900,270,99,8935299,"2009-10-05				",null,L Orange-LU,
IRL,Vodafone Ireland Limited,vodafone,vodafone IE,voda IE,GSM 1800,272,01,8935301,"2012-07-05				",null,vodafone IE,
IRL,Telefónica Ireland Limited,3,3,3,GSM 900,272,02,8935302,"2015-06-08				",null,O2 IRL,
IRL,Meteor Mobile Communications Limited,Meteor,IRL - METEOR,METEOR,GSM 900,272,03,8935303,"2003-02-07				",null,IRL - METEOR,
274,07,IS-IceCell,
ISL,Nova ehf.,NOVA,NOVA IS,NOVA,3G 2100,274,11,8935411,"2007-07-17				",null,NOVA IS,
ALB,Albanian Mobile Communications sh.a,A M C MOBIL,A M C,A M C,GSM 900,276,01,8935501,"2014-11-18				",null,AMC - AL,
ALB,Vodafone - Albania,Vodafone Albania,ALB,Voda AL,GSM 1800,276,02,8935502,"2015-06-09				",null,vodafone AL,
ALB,ALBtelecom sh.a.,Eagle Mobile,EAGLE AL,EAGLE AL,3G 2100,276,03,8935503,"2015-04-28				",
MLT,Vodafone Malta Limited,vodafone,vodafone MT,voda MT,GSM 900,278,01,8935601,"2012-07-05				",null,vodafone MT,
MLT,Mobisle Communications Limited,go mobile,go mobile,gomobile,GSM 1800,278,21,8935621,"2004-04-16				",null,go mobile,
MLT,Melita plc,Melita Mobile Ltd,3GT MT,3GT,3G 2100,278,77,8935677,"2013-03-12				",null,3GT MT,
CYP,Cyprus Telecommunications Authority,Cytamobile-Vodafone,Cyta-Voda,CytaVoda,GSM 1800,280,01,8935701,"2014-11-13				",null,CYTAMOBILE-VODAFONE,
GEO,Geocell Ltd,GEOCELL,GEO-GEOCELL,GCELL,GSM 1800,282,01,8999501,"2015-02-09				",null,GEO-GEOCELL,
GEO,Magticom Ltd,Magticom LTD,MAGTI-GSM-GEO,MAGTI,GSM 1800,282,02,8999597,"2012-07-05				",null,MAGTI-GSM-GEO,
GEO,Mobitel LLC,Mobitel,BEELINE GE,BEELINE,GSM 1800,282,04,8999504,"2006-11-22				",null,BEELINE GE,
283,00,ARM MTS,
ARM,Armenia Telephone Company ("Armentel") Joint Venture,ARMGSM,Beeline AM,Beeline,GSM 1800,283,01,8937401,"2015-06-29				",null,Beeline AM,
ARM,K Telecom Closed Joint-Stock Company,MTS Armenia,MTS ARM,MTS Arm,GSM 900,283,05,8937405,"2012-02-21				",null,ARM MTS,
ARM,Orange Armenia CJSC,Orange,Orange AM,Orange,GSM 1800,283,10,8937410,"2012-03-26				",
BGR,Mobiltel EAD,Mobiltel EAD,Mtel,Mtel,3G 900,284,01,8935901,"2015-04-28				",null,M-Tel BG,
BGR,Bulgarian Telecommunications Company EAD,Vivacom,Vivacom,Vivacom,GSM 1800,284,03,8935903,"2012-04-24				",null,vivatel,
BGR,Telenor Bulgaria EAD,Telenor,Telenor BG,Telenor,3G 900,284,05,8935905,"2015-02-04				",null,BG GLOBUL,
TUR,Turkcell Iletisim Hizmetleri A.S.,Turkcell Iletisim Hizmetleri,TR TURKCELL,TCELL,GSM 900,286,01,899001,"2004-04-16				",null,TR TURKCELL,
TUR,Vodafone Telekomunikasyon A.S,Vodafone Turkey,VODAFONE TR,VF TR,GSM 900,286,02,"8	9 9002","2007-04-16			",null,VODAFONE TR,
FRO,Føroya Tele (Faroese Telecom),Faroese Telecom,Foroya Tele,FT-GSM,3G 2100,288,01,8929801,"2012-09-13				",null,F?roya Tele,
FRO,P/F Kall,VODAFONE FO,VODAFONE FO,VODAFONE,3G 2100,288,02,8929829,"2014-12-03				",null,VODAFONE FO,
GRL,Tele Greenland  A/S,TELE Greenland,TELE Greenland,TELE GRL,GSM 900,290,01,8929901,"2012-07-05				",null,TELE Greenland,
SMR,San Marino Telecom S.p.A.,San Marino Telecom,SMT,SMT,GSM 900,292,01,8937801,"2013-07-04				",
292,66,SMT,
SVN,"Tušmobil	 Podjetje za Mobilne Komunikacije d.o.o.",Tusmobil,SI TUSMOBIL,TUS,GSM 900,293,70,8938670,"2007-04-23			",null,SI TUSMOBIL,
MKD,T-Mobile Macedonia,T-Mobile Macedonia,T-Mobile MK,TMO MK,GSM 900,294,01,8938901,"2006-09-14				",null,T-Mobile MK,
MKD,One Telecommunication Services DOOEL Skopje,ONE,ONE MK,ONE,3G 1900,294,02,8938902,"2012-09-12				",null,MKD COSMOFON,
LIE,Swisscom (Switzerland) Ltd (Liechtenstein),Swisscom,SwisscomFL,Swiss FL,GSM 900,295,01,894101,"2012-09-12				",null,SwisscomFL,
LIE,Salt (Liechtenstein) AG,Liechtenstein,Liechtenstein,Salt,3G 2100,295,02,8942302,"2015-04-28				",null,Orange FL,
295,77,Alpmobile,
MNE,Telenor d.o.o. Podgorica,Telenor,Telenor,Telenor,GSM 1800,297,01,8938201,"2013-06-17				",
MNE,Crnogorski Telekom a.d. Podgorica ,Telekom.me,Telekom.me,T.me,LTE 1800,297,02,8938200,"2014-08-13				",
CAN,TELUS Communications Inc.,TELUS,TELUS,TELUS,3G 850,302,220,891223,"2012-11-07				",
CAN,Bragg Communications Inc.,Bragg Communications Inc,Eastlink,Eastlink,3G 2100,302,270,891035,"2015-05-06				",
CAN,Data & Audio-Visual Enterprises Wireless Inc. (DAVE),Data & Audio-Visual Enterprises Wireless Inc. (DAVE),Mobilicity,Mobilici,3G 2100,302,320,891320,"2014-06-13				",null,Mobilicity,
CAN,Execulink Telecom Inc,Execulink Telecom,Execulink Telecom,ETI,GSM 850,302,340,8901302,"2015-02-04				",
302,350,CANFN,
302,370,Fido,
302,380,DMTS GSM,
CAN,Bell Mobility Inc.,Bell Mobility,Bell,Bell,LTE 1700,302,610,89302610,"2015-04-28				",
CAN,Rogers Wireless Inc,Rogers Wireless,Rogers Wireless,ROGERS,3G 2100,302,720,8930272,"2014-12-03				",null,CAN Rogers Wireless Inc.,
302,730,CAN TerreStar Solutions,
302,770,CANRU,
CAN,SaskTel,SaskTel,SaskTel,SaskTel,3G 1900,302,780,89302780,"2012-11-07				",null,CANST,
CAN,Bell Mobility Inc.,Bell shared with TELUS & SaskTel,FastRoam,FastRoam,3G 1900,302,880,,"2015-04-28				",
SPM,SPM Telecom ,AMERIS,SPM AMERIS,AMERIS,GSM 900,308,01,8950801,"2008-07-23				",null,SPM AMERIS,
310,000,NEP Wireless,
310,002,NEP Wireless,
310,009,NEP Wireless,
USA,Union Telephone Company,Union Telephone Company,US - Union Telephone,UnionTel,GSM 1900,310,020,8901020,"2012-07-05				",null,US - Union Telephone,
310,026,T-Mobile,
USA,AT&T Mobility,AT&T Mobility,AT&T,AT&T,3G 1900,310,030,8901030,"2015-06-04				",null,Centennial Wireless,
310,040,Cellular One,
310,046,USA SIMMETRY,
310,050,DIGICEL,
310,070,AT&T,
310,077,Iowa Wireless USA,
310,080,Corr Wireless,
310,090,AT&T,
USA,New Mexico RSA 4 East Ltd Partnership,Plateau Wireless,US PLATEAU,PLATEAU,3G 1700,310,100,8901100,"2012-10-04				",null,Plateau Wireless,
USA,Sprint Corporation,Sprint Nextel Coporation,Sprint,Sprint,LTE 1900,310,120,,"2012-07-10				",
GUM,"Teleguam Holdings	 LLC",Pulse Mobile LLC,GTA,GTA,3G 850,310,140,8901000,"2015-02-04			",null,GTA MPULSE,
USA,AT&T Mobility,AT&T Mobility,AT&T,AT&T,GSM 1900,310,150,8901150,"2015-06-04				",
310,160,US,
USA,AT&T Mobility,AT&T Mobility,AT&T,AT&T,LTE 1700/2100,310,170,8931017,"2015-06-04				",
USA,"C T Cube	 LP",West Central Wireless,West Central Wireless,WCW,GSM 850,310,180,8901180,"2014-07-28			",null,West Central Wireless,
310,190,Alaska Wireless,
310,200,T-Mobile,
310,210,US,
310,220,US,
310,230,US,
310,240,US,
310,250,US,
USA,"T-Mobile USA	 Inc",T-Mobile USA,T-Mobile,T-Mobile,LTE 1700/2100,310,260,891260,"2015-06-04			",null,US,
310,270,T-Mobile,
USA,AT&T Mobility,AT&T Mobility,AT&T,AT&T,LTE 1700/2100,310,280,8901280,"2015-06-04				",
USA,"NEP Cellcorp	 Inc",NEP Wireless,NEP Wireless,NEPW,GSM 1900,310,290,891009,"2012-08-13			",
USA,"iSmart Mobile	 LLC ",Big Sky Mobile,BigSkyUS,Big Sky,GSM 1900,310,300,8901300,"2011-09-15			",null,BigSkyUS,
310,310,T-Mobile,
USA,"Smith Bagley	 Inc.",CellularOne,USA - CellularOne,Cell,GSM 850,310,320,8901320,"2002-11-01			",null,USA - CellularOne,
310,330,Cellular One,
310,340,USA 340,
310,350,Carolina Phone,
GUM,"DOCOMO PACIFIC	 INC. (Guam)",DOCOMO PACIFIC INC,USA DOCOMO PACIFIC,DOCOMOPA,3G 1900,310,370, 891377,"2014-10-07			",
USA,AT&T Mobility,AT&T Mobility,AT&T,AT&T,3G 850,310,380,8901438,"2015-06-04				",
310,390,Cell1ET,
GUM,"Wave Runner	 LLC",i CAN_GSM,USA_iCAN,iCAN_GSM,GSM 1900,310,400,8901008,"2014-08-13			",null,USA  iCAN,
USA,AT&T Mobility,AT&T Mobility,AT&T,AT&T,3G 850,310,410,8931041,"2015-06-04				",
310,420,Cincinnati Bell Wireless,
USA,"NE Colorado Cellular	 Inc",Viaero Wireless,Cell One of NE Colorado,NECCI,GSM 1900,310,450,8901450,"2013-05-21			",null,Viaero Wireless,
USA,"NewCore Wireless	 LLC","NewCore Wireless	 LLC",USA1L,USA1L,GSM 1900,310,460,891460,"2012-07-26		",
310,470,USA DOCOMO PACIFIC,
310,490,US,
310,530,Iowa Wireless USA,
310,560,AT&T,
310,580,T-Mobile,
USA,Verizon Wireless,Verizon Wireless,Verizon,Verizon,GSM 1900,310,590,,"2012-10-19				",null,USA - Extended Area,
310,610,Epic Touch,
310,630,USA AmeriLink,
310,640,USA AE Airadigm,
310,660,US,
310,670,Wireless 2000 PCS,
310,680,AT&T,
310,690,USA - Immix Wireless,
310,700,USABIGFOOT,
USA,Arctic Slope Telephone Association Cooperative,Artic Slope Telephone Association Cooperative,USA ASTAC,ASTAC,GSM 850,310,710,,"2005-11-15				",null,USA ASTAC,
310,740,Telemetrix,
310,760,PTSI,
310,770,i wireless,
310,780,AirLink PCS,
310,790,Pinpoint,
310,800,T-Mobile,
USA,Telecom North America Mobile Inc.,telna Mobile,telna Mobile,telna,GSM 1900,310,840,891030,"2011-10-13				",null,telna Mobile,
USA,"Kaplan Telephone Company	Inc ",PACE,US,PACE,GSM 850,310,870,890187,"2012-09-27			",null,US,
USA,Advantage Cellular Systems Inc,Advantage,USAACSI,ACSIAC,GSM 850,310,880,8901880,"2004-01-28				",null,USAACSI,
USA,Verizon Wireless,Verizon Wireless,Verizon,Verizon,GSM 1900,310,890,8901890,"2012-10-19				",null,USA Unicel,
310,900,Texas Cellular,
310,950,USA XIT Wireless,
310,980,AT&T,
311,000,USA Mid-Tex Cellular Lt,
311,01,Wilkes USA,
311,05,Wilkes USA,
311,30,Indigo,
USA,"Commnet Wireless	 LLC",Commnet,USA - Commnet,Commnet,GSM 1900,311,040,,"2014-06-09			",null,USA - Commnet,
311,70,USAEC,
311,73,USA Proximiti,
USA,Pine Telephone Company,Pine Cellular,Pine Cellular,PINECell,GSM 850,311,080,8901080,"2012-07-05				",null,Pine Cellular,
USA,Long Lines Wireless LLC,Long Lines Wireless,USASXLP,SXLP,GSM 1900,311,090,891090,"2012-07-05				",null,USASXLP,
311,110,High Plains,
311,130,Cell One Amarillo,
311,140,Sprocket,
USA,Wilkes Cellular Inc,Via Wireless,Wilkes USA,WILKES,GSM 850,311,150,8901150,"2012-08-13				",null,AT&T,
311,170,AT&T,
311,180,AT&T,
USA,"Cellular Properties	 Inc  ",Cellular One of East Central Illinois,USAC1ECI,C1ECI,GSM 850,311,190,8901190,"2008-07-23			",null,USAC1ECI,
311,210,FARMERS,
USA,Cordova Wireless Communications LLC,Cordova Wireless Communications,USACWCI,CWCI,3G 850,311,240,8901240,"2014-06-13				",null,USACWCI,
311,250,USA i CAN,
311,260,SLO Cellular,
311,310,Lamar Cellular,
311,311,USANCW,
311,360,Stelera Wireless,
311,380,AT&T,
311,410,AT&T,
USA,Verizon Wireless,Verizon Wireless,Verizon,Verizon,LTE 700,311,480,8914800,"2012-10-19				",null,USA Verizon,
USA,"CTC Telcom	 Inc.",CTC Telcom Wireless,MOSAIC,MOSAIC,3G 2100,311,500,8901500,"2013-05-21			",
USA,"NewCore Wireless	 LLC",NewCore Wireless LLC,USANW,USANW,GSM 1900,311,530,891530,"2012-07-26			",null,USANCW,
USA,"Proximiti Mobility	 Inc",Proximiti Mobility,USA Proximiti,ProxMo,GSM 850,311,540,8901540,"2011-11-01		",null,USA Proximiti,
USA,United States Cellular Corporation,U.S.Cellular,U.S.Cellular,USCC,LTE 1900,311,580,8901580,"2014-03-20				",
USA,"T-Mobile USA	 Inc",T-Mobile USA,Metro PCS,MPCS,LTE 1900,311,660,893116,"2015-06-04			",
USA,"Northeast Wireless Networks	 LLC",Northeast Wireless Networks,Northeast Wireless,NEWN,GSM 1900,311,710,,"2011-03-10			",null,Northeast Wireless,
311,720,MainePCS,
USA,"Proximiti Mobility	 Inc",Proximiti Mobility,USA Proximiti,ProxMo,GSM 850,311,730,8901540,"2011-11-01		",
USA,Bluegrass Wireless LLC,Bluegrass Wireless,Bluegrass Wireless,BW,LTE 1700,311,810,8931100,"2014-09-16				",
USA,North Dakota Network Company,SRT Wireless,SRT Wireless,SRTW,LTE 1900,312,230,8914010,"2013-06-17				",
USA,"NewCore Wireless	 LLC","NewCore Wireless	 LLC",USACL,USACL,LTE 1900,312,260,891530,"2013-03-28		",
USA,"Sagebrush Cellular	 Inc.",Sagebrush,Sagebrush,SGB,GSM 850,312,480,891480,"2014-04-07			",
USA,"NetGenuity	 Inc","NetGenuity	 Inc",NetGenuity,NetGenui,GSM 1900,312,630,891042,"2014-07-04		",
PRI,"Puerto Rico Telephone Company	 Inc.",Claro GSM,PR Claro,Claro,GSM 1800,330,110,891787,"2008-02-24			",null,PR Claro,
332,011,Blue Sky,
MEX,"Pegaso PCS	 S.A. de C.V.",Movistar,Movistar,Movistar,GSM 1900,334,03,895203,"2014-11-13			",null,movistar,
334,009,Nextel 3G,
MEX,"Iusacell PCS de México	 S.A. de C.V.",Iusacell GSM,Iusacell GSM,Iusacell,GSM 850,334,050,8952050,"2012-07-05			",null,Iusacell GSM,
MEX,"NII Digital	 S. de R.L. de C.V. ",Nextel Mexico,Nextel 3G,Nextel3G,3G 1700,334,090,8952090,"2013-02-26			",
338,05,DIGICEL,
JAM,Digicel (Jamaica) Limited,Digicel Jamaica,DIGICEL,DIGICEL,GSM 900,338,050,891050,"2012-09-13				",
JAM,Cable & Wireless Jamaica Limited,LIME,LIME,LIME,GSM 1900,338,180,8901018,"2012-05-18				",null,C&W,
GLP,Orange Caraïbe,Orange,F-Orange,Orange,GSM 900,340,01,8959001,"2004-04-14				",null,F-Orange,
340,03,CHIPPIE,
340,08,DAUPHIN,
BRB,Cable & Wireless (Barbados) Ltd,LIME,LIME,LIME,GSM 1900,342,600,8901012,"2012-05-18				",null,C&W,
BRB,Digicel (Barbados) Limited,Digicel (Barbados) Limited,DIGICEL,DIGICEL,3G 2100,342,750,890105,"2012-07-02				",
344,030,APUA imobile,
ATG,Cable & Wireless Antigua & Barbuda Ltd,LIME,LIME,LIME,GSM 850,344,920,8901011,"2012-05-18				",null,C&W,
VGB,Cable and Wireless (BVI) Ltd,LIME,LIME,LIME,GSM 850,348,170,8901014,"2012-05-18				",null,C&W,
VGB,Caribbean Cellular Telephone ,CCT,CCT Boatphone,CCTBVI,GSM 900,348,570,8901570,"2012-07-05				",null,CCT Boatphone,
BMU,Bermuda Digital Communications Ltd.,CELLONE,CELLONE,CELLONE,GSM 1900,350,000,891351,"2012-10-03				",
350,002,BTC MOBILITY LTD.,
BMU,Telecommunications (Bermuda & West Indies) Ltd.,Digicel Bermuda,Cingular,Cingular,GSM 1900,350,010,89310380,"2014-10-07				",
GRD,Cable & Wireless Grenada Limited,LIME,LIME,LIME,GSM 850,352,110,8901017,"2012-05-18				",null,C&W,
LCA,Cable & Wireless (St. Lucia) Limited,LIME,LIME,LIME,GSM 850,358,110,8901021,"2012-05-18				",null,C&W,
VCT,Cable & Wireless (St. Vincent & the Grenadines) Ltd,LIME,LIME,LIME,GSM 850,360,110,8901022,"2012-05-18				",null,C&W,
ANT,Telcell N.V.,Telcell N.V.,Telcell GSM,Telcell,GSM 900,362,51,8959951,"2001-10-25				",null,Telcell GSM,
ANT,Curaçao Telecom N.V.,Digicel Curacao,Digicel,Digicel,GSM 1800,362,69,8959969,"2015-06-11				",null,ANT CURACAO TELECOM GSM,
ANT,Telefonia Bonairiano NV (Telbo),Kla,Kla,Kla,3G 900,362,78,8936278,"2015-05-28				",
ANT,Setel N.V.,UTS Wireless Curacao,CHIPPIE,CHIPPIE,GSM 900,362,91,8959991,"2014-10-03				",
362,951,ANT,
ABW,Servicio di Telecomunicacion di Aruba,SETAR GSM,SETAR,SETAR,3G 2100,363,01,8929786,"2015-06-09				",null,SETAR GSM,
BHS,The Bahamas Telecommunications Company Ltd.,The Bahamas Telecommunications Company Ltd,BTC,BTC,GSM 1900,364,39,891282,"2014-10-31				",null,BaTelCell,
AIA,Cable and Wireless (Anguilla) Ltd,LIME,LIME,LIME,GSM 850,365,840,8901010,"2012-05-18				",null,C&W,
DMA,Cable & Wireless Dominica Limited,LIME,LIME,LIME,GSM 850,366,110,8901016,"2012-05-18				",null,C&W,
DOM,Orange Dominicana S.A.,ORANGE,Orange,Orange,GSM 900,370,01,890101,"2013-02-20				",null,orange,
DOM,"Compañia Dominicana de Teléfonos	 S.A.","Compañia Dominicana de Telefonos	 S.A.",CLARO DOM,ClaroDOM,3G 850,370,02,890102,"2012-07-05		",null,CLARO DOM,
DOM,Trilogy Dominicana S.A.,Trilogy Dominicana,VIVA,VIVA,GSM 1900,370,04,,"2011-08-05				",
372,01,COMCEL,
HTI,National Telecom S.A.,Natcom,Natcom,Natcom,GSM 900,372,03,8950903,"2014-10-07				",
376,350,IslandCom TCI,
376,352,IslandCom TCI,
TCA,Islandcom Telecommunications,Islandcom Telecommunications,IslandCom TCI,Islandco,3G 850,376,360,891376,"2014-06-13				",null,IslandCom TCI,
AZE,Azercell Telecom LLC,AZERCELL GSM,AZEAC,Azercell,3G 2100,400,01,8999401,"2015-06-15				",null,AZE - AZERCELL GSM,
AZE,Bakcell Limited Liable Company,Bakcell LLC,BAKCELL AZ,BAKCELL,3G 2100,400,02,8999455,"2014-04-17				",null,BAKCELL GSM 2000,
AZE,Azerfon LLC,Nar Mobile,AZ Nar,Nar,GSM 1800,400,04,8999404,"2012-02-23				",null,AZ Nar,
KAZ,KaR-Tel LLP,Beeline,Beeline KZ,Beeline,GSM 900,401,01,8999701,"2006-11-22				",null,Beeline KZ,
KAZ,Kcell JSC,KCELL,KZ KCELL,KCELL,GSM 900,401,02,8999702,"2012-07-05				",null,KZ KCELL,
KAZ,Joint Stock Company ALTEL,ALTEL,ALTEL,ALTEL,3G 850,401,07,8999707,"2014-08-13				",
KAZ,Mobile Telecom-Service LLP,Tele2,Tele2,Tele2,GSM 900,401,77,8999777,"2014-05-07				",null,NEO-KZ,
BTN,Bhutan Telecom Ltd.,B-Mobile,BT B-Mobile,B-Mobile,GSM 900,402,11,8997511,"2012-03-13				",null,BT B-Mobile,
IND,Vodafone India Limited,Vodafone - Haryana,Vodafone IN,Vodafone,GSM 900,404,01,8991010,"2007-08-10				",null,Vodafone IN,
IND,Bharti Airtel Limited,airtel,IND airtel,airtel,GSM 900,404,02,899102,"2010-12-17				",null,IND airtel,
IND,Bharti Airtel Limited,airtel,IND airtel,airtel,GSM 900,404,03,899103,"2010-12-17				",null,IND airtel,
IND,Vodafone India Limited,Vodafone - Gujarat,Vodafone IN,Vodafone,GSM 900,404,05,899105,"2007-08-10				",null,Vodafone IN,
IND,Reliance Communications Ltd.,RELIANCE TELECOM LIMITED,Reliance,RELIANCE,GSM 900,404,09,899109,"2012-07-05				",null,Reliance,
IND,Bharti Airtel Limited,airtel,IND airtel,airtel,GSM 900,404,10,899110,"2010-12-17				",null,IND airtel,
IND,Vodafone India Limited,Vodafone - Delhi,Vodafone IN,Vodafone,GSM 900,404,11,899111,"2007-08-10				",null,Vodafone IN,
IND,Vodafone India Limited,Vodafone - Andhra Pradesh,Vodafone IN,Vodafone,GSM 1800,404,13,899113,"2007-08-10				",null,Vodafone IN,
IND,Idea Cellular Limited,Idea Cellular Ltd,IDEA,IDEA,GSM 900,404,14,899114,"2012-08-03				",null,INA SPICE,
IND,Vodafone India Limited,Vodafone - UP East,Vodafone IN,Vodafone,GSM 900,404,15,8991150,"2007-08-10				",null,Vodafone IN,
IND,Bharti Hexacom Ltd,AIRTEL,IND airtel,airtel,GSM 900,404,16,899116,"2010-12-17				",null,IND airtel,
404,17,AIRCEL,
IND,Reliance Communications Ltd.,RELIANCE TELECOM LIMITED,Reliance,RELIANCE,GSM 900,404,18,899118,"2012-07-05				",null,Reliance,
IND,Vodafone India Limited,Vodafone - Mumbai,Vodafone IN,Vodafone,GSM 900,404,20,899120,"2012-07-05				",null,Vodafone IN,
404,21,BPL MOBILE,
404,25,AIRCEL,
IND,Vodafone India Limited,Vodafone - Maharashtra & Goa,Vodafone IN,Vodafone,GSM 900,404,27,899127,"2012-07-05				",null,Vodafone IN,
404,28,AIRCEL,
404,29,AIRCEL,
IND,Vodafone India Limited,Vodafone - Kolkata,Vodafone IN,Vodafone,GSM 900,404,030,899130,"2012-07-05				",null,Vodafone IN,
404,33,AIRCEL,
404,35,AIRCEL,
IND,Reliance Communications Ltd.,RELIANCE TELECOM LIMITED,Reliance,RELIANCE,GSM 900,404,36,899136,"2012-07-05				",null,Reliance,
404,37,AIRCEL,
IND,Bharti Airtel Limited,airtel,IND airtel,airtel,GSM 900,404,40,8991400,"2010-12-17				",null,IND airtel,
404,41,AIRCEL,
IND,Vodafone India Limited,Vodafone - Tamil Nadu,Vodafone IN,Vodafone,GSM 900,404,43,899143,"2012-07-05				",null,Vodafone IN,
IND,Idea Cellular Limited,Idea Cellular Ltd,IDEA,IDEA,GSM 900,404,44,899144,"2012-08-03				",null,INA SPICE,
IND,Bharti Airtel Limited,airtel,IND airtel,airtel,GSM 900,404,45,899145,"2010-12-13				",null,IND airtel,
IND,Vodafone India Limited,Vodafone - Kerala,Vodafone IN,Vodafone,GSM 900,404,46,899146,"2007-09-05				",null,Vodafone IN,
IND,Bharti Airtel Limited,airtel,IND airtel,airtel,GSM 900,404,49,899149,"2010-12-13				",null,IND airtel,
IND,Reliance Communications Ltd.,RELIANCE TELECOM LIMITED,Reliance,RELIANCE,GSM 900,404,50,899150,"2012-07-05				",null,Reliance,
IND,Reliance Communications Ltd.,RELIANCE TELECOM LIMITED,Reliance,RELIANCE,GSM 900,404,52,899152,"2012-07-05				",null,Reliance,
IND,Vodafone India Limited,Vodafone - Rajasthan,Vodafone IN,Vodafone,GSM 900,404,60,8991600,"2007-08-10				",null,Vodafone IN,
IND,Vodafone India Limited,Vodafone - Chennai,Vodafone IN,Vodafone,GSM 1800,404,84,899184,"2007-08-10				",null,Vodafone IN,
IND,Reliance Communications Ltd.,RELIANCE TELECOM LIMITED,Reliance,RELIANCE,GSM 900,404,85,899185,"2012-07-05				",null,Reliance,
IND,Vodafone India Limited,Vodafone - Karnataka,Vodafone IN,Vodafone,GSM 1800,404,86,899186,"2007-08-10				",null,Vodafone IN,
IND,Vodafone India Limited,Vodafone - Punjab,Vodafone IN,Vodafone,GSM 1800,404,88,899188,"2007-08-10				",null,Vodafone IN,
IND,Bharti Airtel Limited,airtel,IND airtel,airtel,GSM 1800,404,90,899190,"2010-12-13				",null,IND airtel,
404,91,Aircel,
IND,Bharti Airtel Limited,airtel,IND airtel,airtel,GSM 1800,404,92,899192,"2010-12-13				",null,IND airtel,
IND,Bharti Airtel Limited,airtel,IND airtel,airtel,GSM 1800,404,93,899193,"2010-12-13				",null,IND airtel,
IND,Bharti Airtel Limited,airtel,IND airtel,airtel,GSM 1800,404,94,899194,"2010-12-13				",null,IND airtel,
IND,Bharti Airtel Limited,airtel,IND airtel,airtel,GSM 1800,404,95,899195,"2010-12-13				",null,IND airtel,
IND,Bharti Airtel Limited,airtel,IND airtel,airtel,GSM 1800,404,96,899196,"2010-12-13				",null,IND airtel,
405,00,TATA DOCOMO,
405,03,TATA DOCOMO,
IND,Tata Teleservices Limited,TATA TELESERVICES LTD,TATA DOCOMO,TATA DO,GSM 1800,405,025,8991025,"2011-11-01				",null,TATA DOCOMO,
IND,Tata Teleservices Limited,TATA TELESERVICES LTD,TATA DOCOMO,TATA DO,GSM 1800,405,027,8991027,"2011-11-01				",null,TATA DOCOMO,
IND,Tata Teleservices Limited,TATA TELESERVICES LTD,TATA DOCOMO,TATA DO,GSM 1800,405,030,8991030,"2011-11-01				",null,TATA DOCOMO,
IND,Tata Teleservices Limited,TATA TELESERVICES LTD,TATA DOCOMO,TATA DO,GSM 1800,405,031,8991031,"2011-11-01				",null,TATA DOCOMO,
IND,Tata Teleservices Limited,TATA TELESERVICES LTD,TATA DOCOMO,TATA DO,GSM 1800,405,032,8991032,"2011-11-01				",null,TATA DOCOMO,
IND,Tata Teleservices Limited,TATA TELESERVICES LTD,TATA DOCOMO,TATA DO,GSM 1800,405,034,8991034,"2011-11-01				",null,TATA DOCOMO,
IND,Tata Teleservices Limited,TATA TELESERVICES LTD,TATA DOCOMO,TATA DO,GSM 1800,405,035,8991035,"2011-11-01				",null,TATA DOCOMO,
IND,Tata Teleservices Limited,TATA TELESERVICES LTD,TATA DOCOMO,TATA DO,GSM 1800,405,036,8991036,"2011-11-01				",null,TATA DOCOMO,
IND,Tata Teleservices Limited,Tata TeleServices(Maharashtra) Limited,TATA DOCOMO,TATA DO,GSM 1800,405,037,8991037,"2012-07-11				",null,TATA DOCOMO,
IND,Tata Teleservices Limited,TATA TELESERVICES LTD,TATA DOCOMO,TATA DO,GSM 1800,405,038,8991038,"2011-11-01				",null,TATA DOCOMO,
IND,Tata Teleservices Limited,Tata TeleServices(Maharashtra) Limited,TATA DOCOMO,TATA DO,GSM 1800,405,039,8991039,"2012-07-11				",null,TATA DOCOMO,
IND,Tata Teleservices Limited,TATA TELESERVICES LTD,TATA DOCOMO,TATA DO,GSM 1800,405,041,8991041,"2011-11-01				",null,TATA DOCOMO,
IND,Tata Teleservices Limited,TATA TELESERVICES LTD,TATA DOCOMO,TATA DO,GSM 1800,405,042,8991042,"2011-11-01				",null,TATA DOCOMO,
IND,Tata Teleservices Limited,TATA TELESERVICES LTD,TATA DOCOMO,TATA DO,GSM 1800,405,043,8991043,"2011-11-01				",null,TATA DOCOMO,
IND,Tata Teleservices Limited,TATA TELESERVICES LTD,TATA DOCOMO,TATA DO,GSM 1800,405,044,8991044,"2011-11-01				",null,TATA DOCOMO,
IND,Tata Teleservices Limited,TATA TELESERVICES LTD,TATA DOCOMO,TATA DO,GSM 1800,405,045,8991045,"2011-11-01				",null,TATA DOCOMO,
IND,Tata Teleservices Limited,TATA TELESERVICES LTD,TATA DOCOMO,TATA DO,GSM 1800,405,046,8991046,"2011-11-01				",null,TATA DOCOMO,
IND,Tata Teleservices Limited,TATA TELESERVICES LTD,TATA DOCOMO,TATA DO,GSM 1800,405,047,8991047,"2011-11-01				",null,TATA DOCOMO,
405,50,Reliance,
IND,Bharti Airtel Limited,airtel,IND airtel,airtel,GSM 900,405,51,,"2013-05-17				",null,IND airtel,
IND,Bharti Airtel Limited,airtel,IND airtel,airtel,GSM 900,405,52,,"2013-05-17				",null,IND airtel,
IND,Bharti Airtel Limited,airtel,IND airtel,airtel,GSM 900,405,56,899156,"2010-12-17				",null,IND airtel,
IND,Vodafone India Limited,Vodafone - UP West,Vodafone IN,Vodafone,GSM 900,405,66,899166,"2007-08-10				",null,Vodafone IN,
IND,Vodafone India Limited,Vodafone - West Bengal,Vodafone IN,Vodafone,GSM 900,405,67,899167,"2007-08-10				",null,Vodafone IN,
IND,Vodafone India Limited,Vodafone JAMMU & KASHMIR,Vodafone IN,Vodafone,GSM 1800,405,750,8991750,"2008-05-12				",null,Vodafone IN,
IND,Vodafone India Limited,Vodafone ASSAM,Vodafone IN,Vodafone,GSM 1800,405,751,8991751,"2008-05-09				",null,Vodafone IN,
IND,Vodafone India Limited,Vodafone BIHAR,Vodafone IN,Vodafone,GSM 1800,405,752,8991752,"2008-05-08				",null,Vodafone IN,
IND,Vodafone India Limited,Vodafone ORISSA,Vodafone IN,Vodafone,GSM 1800,405,753,8991753,"2008-05-09				",null,Vodafone IN,
IND,Vodafone India Limited,Vodafone HIMACHAL PRADESH,Vodafone IN,Vodafone,GSM 1800,405,754,8991754,"2008-05-08				",null,Vodafone IN,
IND,Vodafone India Limited,Vodafone NORTHEAST,Vodafone IN,Vodafone,GSM 1800,405,755,8991755,"2008-05-08				",null,Vodafone IN,
IND,Vodafone India Limited,Vodafone MADHYA PRADESH,Vodafone IN,Vodafone,GSM 1800,405,756,8991756,"2008-05-09				",null,Vodafone IN,
405,807,Aircel,
405,808,Aircel,
405,809,Aircel,
405,810,Aircel,
405,811,Aircel,
405,812,Aircel,
405,813,IN UNITECH,
405,814,IN UNITECH,
405,815,IN UNITECH,
405,816,IN UNITECH,
405,817,IN UNITECH,
IND,Telewings Communications Services Private Limited,uninor,IN UNITECH,UNITECH,GSM 1800,405,818,8962,"2015-03-11				",null,IN UNITECH,
IND,Telewings Communications Services Private Limited,uninor,IN UNITECH,UNITECH,GSM 1800,405,819,8962,"2015-03-11				",null,IN UNITECH,
405,820,IN UNITECH,
405,821,IN UNITECH,
405,822,IN UNITECH,
IND,Reliance Jio Infocomm Limited,Reliance Jio Infocomm Ltd India,IND-JIO,JIO,TD-LTE  2300,405,840,8991840,"2014-03-12				",null,VIDEOCON,
405,844,Unitech Wireless IN,
IND,Reliance Jio Infocomm Limited,Reliance Jio Infocomm Ltd India,IND-JIO,JIO,TD-LTE  2300,405,854,8991854,"2014-03-12				",null,IN Loop,
IND,Reliance Jio Infocomm Limited,Reliance Jio Infocomm Ltd India,IND-JIO,JIO,TD-LTE  2300,405,855,8991855,"2014-03-12				",null,IN Loop,
IND,Reliance Jio Infocomm Limited,Reliance Jio Infocomm Ltd India,IND-JIO,JIO,TD-LTE  2300,405,857,8991857,"2014-03-12				",null,IN Loop,
IND,Reliance Jio Infocomm Limited,Reliance Jio Infocomm Ltd India,IND-JIO,JIO,TD-LTE  2300,405,858,8991858,"2014-03-12				",null,IN Loop,
IND,Reliance Jio Infocomm Limited,Reliance Jio Infocomm Ltd India,IND-JIO,JIO,TD-LTE  2300,405,859,8991859,"2014-03-12				",null,IN Loop,
IND,Reliance Jio Infocomm Limited,Reliance Jio Infocomm Ltd India,IND-JIO,JIO,TD-LTE  2300,405,860,8991860,"2014-03-12				",null,IN Loop,
IND,Reliance Jio Infocomm Limited,Reliance Jio Infocomm Ltd India,IND-JIO,JIO,TD-LTE  2300,405,861,8991861,"2014-03-12				",null,IN Loop,
IND,Reliance Jio Infocomm Limited,Reliance Jio Infocomm Ltd India,IND-JIO,JIO,TD-LTE  2300,405,862,8991862,"2014-03-12				",null,IN Loop,
IND,Reliance Jio Infocomm Limited,Reliance Jio Infocomm Ltd India,IND-JIO,JIO,TD-LTE  2300,405,863,8991863,"2014-03-12				",null,IN Loop,
IND,Reliance Jio Infocomm Limited,Reliance Jio Infocomm Ltd India,IND-JIO,JIO,TD-LTE  2300,405,864,8991864,"2014-03-12				",null,IN Loop,
IND,Reliance Jio Infocomm Limited,Reliance Jio Infocomm Ltd India,IND-JIO,JIO,TD-LTE  2300,405,865,8991865,"2014-03-12				",null,IN Loop,
IND,Reliance Jio Infocomm Limited,Reliance Jio Infocomm Ltd India,IND-JIO,JIO,TD-LTE  2300,405,866,8991866,"2014-03-12				",null,IN Loop,
IND,Reliance Jio Infocomm Limited,Reliance Jio Infocomm Ltd India,IND-JIO,JIO,TD-LTE  2300,405,867,8991867,"2014-03-12				",null,IN Loop,
IND,Reliance Jio Infocomm Limited,Reliance Jio Infocomm Ltd India,IND-JIO,JIO,TD-LTE  2300,405,868,8991868,"2014-03-12				",null,IN Loop,
IND,Reliance Jio Infocomm Limited,Reliance Jio Infocomm Ltd India,IND-JIO,JIO,TD-LTE  2300,405,870,8991870,"2014-03-12				",null,IN Loop,
IND,Reliance Jio Infocomm Limited,Reliance Jio Infocomm Ltd India,IND-JIO,JIO,TD-LTE  2300,405,871,8991871,"2014-03-12				",null,IN Loop,
IND,Reliance Jio Infocomm Limited,Reliance Jio Infocomm Ltd India,IND-JIO,JIO,TD-LTE  2300,405,873,8991873,"2014-03-12				",null,IN Loop,
IND,Reliance Jio Infocomm Limited,Reliance Jio Infocomm Ltd India,IND-JIO,JIO,TD-LTE  2300,405,874,8991874,"2014-03-12				",null,IN Loop,
IND,Telewings Communications Services Private Limited,uninor,IN UNITECH,UNITECH,GSM 1800,405,875,8962,"2015-03-11				",null,IN UNITECH,
IND,Telewings Communications Services Private Limited,uninor,IN UNITECH,UNITECH,GSM 1800,405,876,8962,"2015-03-11				",null,IN UNITECH,
405,877,IN UNITECH,
405,878,IN UNITECH,
IND,Telewings Communications Services Private Limited,uninor,IN UNITECH,UNITECH,GSM 1800,405,879,8962,"2015-03-11				",null,IN UNITECH,
405,880,IN UNITECH,
405,912,etisalat,
405,913,etisalat,
405,914,etisalat,
405,915,etisalat,
405,916,etisalat,
405,917,etisalat,
405,918,etisalat,
405,919,etisalat,
405,920,etisalat,
405,921,etisalat,
405,922,etisalat,
405,923,etisalat,
405,924,etisalat,
405,925,IN UNITECH,
405,926,IN UNITECH,
IND,Telewings Communications Services Private Limited,uninor,IN UNITECH,UNITECH,GSM 1800,405,927,8962,"2015-03-11				",null,IN UNITECH,
405,928,IN UNITECH,
IND,Telewings Communications Services Private Limited,uninor,IN UNITECH,UNITECH,GSM 1800,405,929,8962,"2015-03-11				",null,IN UNITECH,
410,01,Mobilink,
PAK,Pakistan Telecommunication Mobile Limited,Ufone,PK-UFONE,UFONE,GSM 900,410,03,8941003,"2004-04-16				",null,PK-UFONE,
PAK,Telenor Pakistan (Private) Limited,Telenor Pakistan (Pvt) Ltd.,Telenor PK,TELENOR,GSM 1800,410,06,8941006,"2012-07-05				",null,Telenor PK,
AFG,Afghan Wireless Communication Company ,AWCC,AF AWCC,AWCC,GSM 900,412,01,899301,"2012-02-09				",null,AF AWCC,
AFG,MTN Afghanistan,MTN Afghanistan,MTN AF,MTN,GSM 1800,412,40,899340,"2012-02-01				",null,MTN AF,
AFG,Emirates Telecommunications Corporation (ETISALAT),Etisalat Afghanistan,Etisalat Af,Etisalat,GSM 900,412,50,8993501,"2007-03-22				",null,Etisalat Af,
LKA,Mobitel (Pvt) Limited,Mobitel,Mobitel LK,Mobitel,LTE 1800,413,01,899401,"2015-04-30				",
LKA,Dialog Axiata Plc,DIALOG,DIALOG,DIALOG,GSM 900,413,02,899402,"2015-01-13				",null,SRI DIALOG,
LKA,ETISALAT Lanka (Private) Limited,ETISALAT,SRI Etisalat,Etisalat,GSM 1800,413,03,899403,"2010-03-19				",null,SRI Etisalat,
LKA,Bharti Airtel Lanka (Private) Limited,airtel,SRI AIRTEL,Airtel,GSM 1800,413,05,899405,"2014-04-17				",null,SRI AIRTEL,
MMR,Myanma Posts and Telecommunications,MPT GSM Network,MM 900,MPTGSM,GSM 900,414,01,8995011,"2004-04-16				",null,MM 900,
MMR,Ooredoo Myanmar Limited,Ooredoo,Ooredoo,Ooredoo,3G 2100,414,05,899505,"2014-12-02				",
415,03,RL MTC Lebanon,
LBN,Ogero Telecom,Ogero Mobile (OM),LBN OGERO Mobile,OM,GSM 900,415,05,8996105,"2008-04-21				",null,LBN OGERO Mobile,
JOR,"Jordan Mobile Telephone Services Company	 Ltd.",Zain JO,Zain JO,Zain JO,GSM 900,416,01,8996201,"2013-02-20			",null,zain JO,
JOR,Petra Jordanian Mobile Telecommunications Company (Orange Jordan),Orange,Orange,OrangeJO,GSM 900,416,77,8996277,"2014-04-17				",null,Orange JO,
417,09,SYR MOBILE SYR,
418,00,ASIACELL,
KWT,Mobile Telecommunications Company,zain KW,Zain KW,zain KW,3G 2100,419,02,899659,"2012-07-05				",null,Zain KW,
KWT,National Mobile Telecommunications Company (K.S.C),Ooredoo,Ooredoo,Ooredoo,LTE 1800,419,03,8996503,"2014-06-09				",null,KT WATANIYA,
KWT,Kuwait Telecom Company (K.S.C.),VIVA KUWAIT,"KT	 VIVA",VIVA,GSM 1800,419,04,8996504,"2012-03-26			",null,KT  VIVA,
SAU,Etihad Etisalat Company,Mobily,Mobily-KSA,Mobily,GSM 900,420,03,8996603,"2012-07-03				",null,mobily-KSA,
SAU,MTC Saudi Arabia (Zain),Zain Saudi Arabia,Zain KSA,Zain KSA,GSM 1800,420,04,8996604,"2015-03-12				",
YEM,Yemen Mobile Phone Company - Sabafon,Yemen Company for Mobile Telephony,SabaFon,SABAFON,GSM 900,421,01,8996701,"2012-07-05				",null,SabaFon,
YEM,Y-Telecom,Y-Telecom,Y-Telecom,Y,GSM 900,421,04,8996704,"2014-04-11				",
421,700,YemYY,
OMN,Oman Telecommunications Company S.A.O.G.,Omantel Oman,Omantel,Omantel,TD LTE  2300,422,02,8996800,"2014-12-02				",null,OMAN MOBILE,
OMN,Omani Qatari Telecommunication Company SAOG,Ooredoo Oman,Ooredoo Oman,Ooredoo ,LTE 1800,422,03,8996803,"2015-05-14				",null,nawras,
ISR,Partner Communications Company Ltd.,Orange IL,Orange IL,OrangeIL,GSM 1800,425,01,8997201,"2014-12-03				",null,IL ORANGE,
ISR,Cellcom Israel Ltd.,Cellcom Israel,Cellcom IL,Cellcom,3G 850,425,02,8997202,"2015-02-04				",null,IL Cellcom,
ISR,Pelephone Communication Ltd.,Pelephone,IL Pelephone,PCL,3G 2100,425,03,8997250,"2014-10-02				",null,IL Pelephone,
PSE,Palestine Telecommunications Company,Palestine Telecommunications Co. P.L.C,JAWWAL-PALESTINE,JAWWAL,GSM 900,425,05,8997005,"2014-03-20				",null,JAWWAL-PALESTINE,
PSE,Wataniya Palestine Mobile Telecommunications Company,Wataniya Mobile,"PS	 Wataniya Mobile",WM,GSM 900,425,06,8997006,"2011-09-15			",null,PS Wataniya Mobile,
425,07,MIRS,
BHR,Zain Bahrain B.S.C,Zain BH,Zain BH,Zain BH,GSM 900,426,02,8997302,"2012-04-25				",null,zain BH,
QAT,Ooredoo QSC,Ooredoo,Ooredoo,Ooredoo,3G 1800,427,01,8997401,"2014-04-07				",null,Qat - Qtel,
QAT,Vodafone Qatar Q.S.C.,Vodafone Qatar,vodafone,VF-QA,GSM 1800,427,02,8942702,"2011-09-15				",null,vodafone,
MNG,Skytel LLC,Skytel,Skytel MN,Skytel,3G 2100,428,01,8997691,"2014-03-20				",
MNG,G-Mobile Corporation,G-Mobile Corporation,GMOBILE_MN,GMOBILE,3G 1900,428,06,8997606,"2012-08-03				",
MNG,Unitel LLC,Unitel,MONGOLIA UNITEL LLC,UNTLMN,3G 2100,428,88,8997688,"2012-10-04				",null,MONGOLIA UNITEL LLC,
IRN,Telecommunication Kish Company (TKC),TKC,IR KISH,KIFZO,GSM 900,432,14,8909814,"2004-04-16				",null,IR KISH,
432,19,IR MTCE,
IRN,Gostaresh Ertebatat Taliya PJS,Taliya,Iran Taliya,Taliya,GSM 900,432,32,899832,"2005-09-07				",null,Iran Taliya,
IRN,Irancell Telecommunications Services Company,MTN Irancell,MTN Irancell,Irancell,GSM 900,432,35,8998432,"2008-08-05				",null,MTN Irancell,
UZB,Unitel LLC,UNITEL,Beeline UZ,Beeline,3G 2100,434,04,8999804,"2012-03-15				",null,Beeline UZ,
UZB,FE Coscom LLC,Ucell,UZB Ucell,Ucell,GSM 900,434,05,8999893,"2012-03-05				",null,UZB Ucell,
UZB,"Universal Mobile Systems	 LLC",UMS,UMS-UZB,UMS,3G 2100,434,07,8999807,"2014-11-13			",null,UZB MTS,
TJK,Indigo Tajikistan CJSC,TCELL,TCELL,TCELL,GSM 900,436,01,8999292,"2012-11-05				",
TJK,Indigo Tajikistan CJSC,TCELL,TCELL,TCELL,GSM 900,436,02,8999293,"2012-10-19				",null,TCELL-3G,
TJK,"TT Mobile	 Closed Joint Stock Company ",MegaFon Tajikistan,MegaFon TJK,MegaFon,3G 2100,436,03,8999203,"2012-07-05			",null,MegaFon TJK,
TJK,CJSC Babilon-Mobile,Babilon-M,Babilon-M,Babilon,GSM 900,436,04,8999204,"2012-07-05				",null,Babilon-M,
TJK,Tacom LLC,BEELINE TJ,BEELINE TJ,BEELINE,GSM 1800,436,05,8999291,"2006-09-01				",null,BEELINE TJ,
436,12,INDIGO-3G,
437,01,Beeline KG,
437,05,MEGACOM,
437,09,O!,
TKM,Altyn-Asyr Close Joint-Stock Company,Altyn Asyr,TM CELL,TM CELL,GSM 900,438,02,8999302,"2012-07-05				",
JPN,SoftBank Mobile Corporation,Ymobile,Ymobile,Ymobile,3G 1700,440,00,898100,"2014-07-28				",null,JPN EMOBILE,
JPN,"NTT Docomo	 Inc.",DOCOMO,JP DOCOMO,DOCOMO,3G 2100,440,10,8981100,"2008-07-30			",null,JP DOCOMO,
JPN,KDDI Corporation,KDDI Corporation,KDDI,KDDI,LTE 2100,440,50,8981300,"2015-05-11				",
JPN,KDDI Corporation,KDDI Corporation,KDDI,KDDI,LTE 2100,440,51,8981300,"2015-05-11				",
KOR,"SK Telecom Co.	 Ltd.",SK Telecom,KOR SK Telecom,SKT,3G 2100,450,05,898205,"2005-03-14			",null,KOR SK Telecom,
KOR,"LG Uplus	 Corp.",LG Uplus Corp,KOR LG Uplus,LG U+,LTE 2100,450,06,898206,"2012-11-07			",
VNM,MOBIFONE CORPORATION,Mobifone,VN Mobifone,Mobifone,3G 2100,452,01,898401,"2014-06-03				",null,VN MOBIFONE,
VNM,Vietnam Telecom Services Company (VinaPhone),VINAPHONE,VN VINAPHONE,GPC,GSM 900,452,02,898402,"2012-07-05				",null,VN VINAPHONE,
VNM,Viettel Corporation,Viettel Mobile,VNM and VIETTEL,VIETTEL,GSM 1800,452,04,898404,"2010-12-20				",null,VNM and VIETTEL,
VNM,Hanoi Telecom Joint Stock Company,Vietnamobile,VN Vietnamobile,VNMOBILE,GSM 900,452,05,,"2012-07-13				",null,VN Vietnamobile,
VNM,GTEL Mobile Joint Stock Company (GTEL Mobile),Gmobile,Gmobile,Gmobile,GSM 1800,452,07,898407,"2012-09-25				",null,Beeline VN,
454,02,CSL,
HKG,Hutchison Telecommunications Hong Kong Holdings Limited,3,3,3,3G 2100,454,03,8985203,"2012-12-19				",null,3 HK,
HKG,SmarTone Mobile Communications Limited,SmarTone HK,SmarTone HK,SMC HK,GSM 1800,454,06,8985206,"2015-04-07				",null,SmarTone HK,
HKG,China Mobile Hong Kong Company Limited,China Mobile HK,China Mobile HK,CMHK,GSM 1800,454,12,"8985212	 8985213","2013-01-22			",null,China Mobile HK,
HKG,China Mobile Hong Kong Company Limited,China Mobile HK,China Mobile HK,CMHK,GSM 1800,454,13,"8985212	 8985213","2013-01-22			",
HKG,SmarTone Mobile Communications Limited,SmarTone HK,SmarTone HK,SMC HK,3G 2100,454,15,8985215,"2015-04-07				",null,SmarTone HK,
HKG,Hong Kong Telecommunications (HKT) Limited,HKT,PCCW-HKT,PCCW-HKT,LTE 2600,454,16,"8985216	 8985219","2013-02-20			",null,PCCW,
HKG,SmarTone Mobile Communications Limited,SmarTone HK,SmarTone HK,SMC HK,GSM 900,454,17,8985206,"2015-04-07				",null,SmarTone HK,
454,18,CSL,
HKG,Hong Kong Telecommunications (HKT) Limited,HKT,PCCW-HKT,PCCW-HKT,LTE 2600,454,19,"8985216	 8985219","2013-02-20			",null,PCCW,
HKG,Hong Kong Telecommunications (HKT) Limited,HKT,PCCW-HKT,PCCW-HKT,LTE 1800,454,20,"8985216	 8985219","2013-02-20			",
MAC,SmarTone Mobile Communications (Macau) Limited,SmarTone,SmarTone MAC,SMC MAC,GSM 900,455,00,8985300,"2011-11-09				",null,SmarTone MAC,
455,01,CTM,
MAC,Hutchison Telephone (Macau) Company Limited,3 Macau,3 Macau,3 Macau,GSM 1800,455,03,8985303,"2012-10-19				",null,Hutchison MAC,
455,04,CTM,
455,05,3 Macau,
KHM,CamGSM Co.Ltd.,Cellcard,Cellcard,Cellcard,GSM 900,456,01,8985501,"2013-07-19				",null,MOBITEL - KHM,
456,02,Hello Axiata,
KHM,"Cambodia Advance Communications Co.	 Ltd (CADCOMMS)",CADCOMMS,CADCOMMS,CADCOMMS,3G 2100,456,04,8985504,"2012-07-05			",
456,05,SMART,
KHM,Sotelco Ltd.,Beeline-KH,Beeline KH,Beeline,GSM 1800,456,09,"8985509090	 8985509081","2011-09-15			",null,Beeline KH,
KHM,"South East Asia Telecom (Cambodia) Co.	 Ltd",SEATEL CAMBODIA,SEATEL,SEATEL,LTE 850,456,11,8985511,"2015-02-09			",
456,18,Mfone,
LAO,ETL Public Company ,ETL MOBILE,ETL MOBILE NETWORK,ETLMNW,GSM 900,457,02,8945702,"2015-04-07				",null,ETL MOBILE NETWORK,
LAO,Star Telecom Company Limited (STL) ,LAT,Unitel,UNITEL,GSM 900,457,03,8945703,"2012-07-05				",null,Unitel,
LAO,VimpelCom Lao Company Ltd.,Beeline,TIGO LAO,TIGO,GSM 1800,457,08,8985608,"2009-09-20				",null,TIGO LAO,
CHN,China Mobile Limited,CHINA MOBILE,CHINA MOBILE,CMCC,GSM 900,460,00,898600,"2014-09-16				",null,CHINA  MOBILE,
CHN,China Unicom,CHINA UNICOM GSM,CHN-UNICOM,UNICOM,3G 2100,460,01,898601,"2015-01-27				",null,CHN-UNICOM,
CHN,China Unicom,CHINA UNICOM GSM,CHN-UNICOM,UNICOM,GSM 900,460,09,898609,"2015-01-27				",
CHN,China Telecommunications Corporation,China Telecom,CHN-CT,CT,CDMA 2000,460,11,898611,"2014-10-31				",
TWN,Far EasTone Telecommunications Co Ltd,Far EasTone,Far EasTone,FET,3G 2100,466,01,8988601,"2015-01-13				",null,Far EasTone,
TWN,Far EasTone Telecommunications Co Ltd,Far EasTone,KGT-Online,KGT,GSM 1800,466,88,8988688,"2015-01-13				",null,KGT-Online,
TWN,Taiwan Star Telecom Corporation Limited,T Star,T Star,T Star,LTE 900,466,89,8988689,"2014-11-18				",null,VIBO,
TWN,Chunghwa Telecom,Chunghwa Telecom,Chunghwa Telecom,Chunghwa,GSM 900,466,92,8988692,"2012-11-26				",null,Chunghwa Telecom,
TWN,Taiwan Mobile Co.Ltd,MOBITAI,TWN MOBITAI,TW MOB,GSM 900,466,93,8988693,"2012-07-05				",null,TWN MOBITAI,
TWN,Taiwan Mobile Co.Ltd,Taiwan Mobile,TW Mobile,TWM,GSM 1800,466,97,8988697,"2012-07-05				",null,TW Mobile,
466,99,TWN TransAsia Telecom GS,
467,03,KP SUN,
PRK,CHEO Technology JV Company,Koryolink,Koryolink,KL-DPRK,3G 2100,467,05,8985005,"2011-03-10				",null,Koryolink,
BGD,Robi Axiata Limited,Robi,BGD ROBI AXIATA,ROBI,GSM 900,470,0,8988002,"2014-07-02				",
BGD,Grameenphone Ltd,grameenphone,Grameenphone,Grameen,GSM 1800,470,001,898801,"2015-06-12				",null,grameenphone,
470,02,BGD ROBI AXIATA ,
BGD,Banglalink Digital Communications Ltd.,Banglalink,BGD BL,BGDBL,GSM 900,470,03,8988033,"2015-04-28				",null,Banglalink,
BGD,Teletalk Bangladesh Limited,Teletalk Bangladesh Ltd,BGD bMobile,bMobile,GSM 900,470,04,8947015,"2012-04-24				",null,BGD bMobile,
BGD,Airtel Bangladesh Limited,Airtel,Airtel,Airtel,GSM 1800,470,07,8947007,"2013-02-20				",null,airtel,
BGD,Bangladesh Internet Exchange Limited,BIEL 4G,BGD-BIEL,BIEL 4G,LTE 2600,470,09,8988009,"2015-04-07				",
MDV,Dhivehi Raajjeyge Gulhun Public Limited Company,DHIRAAGU,DHIRAAGU,DHIRAAGU,GSM 900,472,01,8996001,"2015-04-07				",null,MV DHIMOBILE,
MDV,Ooredoo Maldives Private Ltd,Ooredoo Maldives PVT LTD,Ooredoo Maldives PVT LTD,Ooredoo,GSM 900,472,02,8996002,"2014-04-07				",null,WATANIYA,
502,00,TIME3G,
502,01,TIME3G,
MYS,Celcom Axiata Berhad ,Celcom Malaysia,MY CELCOM 3G,CELCOM,3G 2100,502,13,896019,"2005-03-14				",null,MY CELCOM 3G,
MYS,Celcom Axiata Berhad ,CELCOM GSM,MY CELCOM,CELCOM,GSM 900,502,19,896019,"2012-07-05				",null,MY CELCOM,
MYS,ALTEL Communications Sdn Bhd,ALTEL,MYSALTEL,ALTEL,LTE 2600,502,156,8960156,"2014-10-31				",
AUS,Telstra Corporation Limited,Telstra MobileNet,Telstra Mobile,Telstra,GSM 1800,505,01,896101,"2014-07-21				",null,Telstra Mobile,
AUS,SingTel Optus Pty Limited,YES OPTUS,Optus AU,Optus,LTE 700,505,02,896102,"2015-06-11				",null,YES OPTUS,
AUS,Vodafone Hutchison Australia Pty Limited,Vodafone,vodafone AU,voda AU,GSM 900,505,03,896103,"2015-06-11				",null,vodafone AU,
NFK,Norfolk Telecom,Norfolk Telecom,Norfolk Telecom,NT,GSM 900,505,10,8967210,"2011-11-01				",null,Norfolk Telecom,
XS,ACeS International Limited (AIL),ACeS International Limited (AIL),ACeS,ACeS,GSM Satellite,510,00,896200,"2012-02-21				",
IDN,PT Indosat Tbk,INDOSAT,IND INDOSAT,INDOSAT,GSM 1800,510,01,896201,"2015-02-25				",null,IND INDOSAT,
IDN,PT Telekomunikasi Selular,TELKOMSEL,IND TELKOMSEL,T-SEL,GSM 1800,510,10,896210,"2004-04-19				",null,IND TELKOMSEL,
510,11,IND XL,
IDN,PT Indosat Tbk,INDOSAT,IND INDOSAT,INDOSAT,GSM 1800,510,21,896221,"2015-02-25				",null,IND INDOSAT,
IDN,PT. Internux,BoltSuper4G,BoltSuper4G,Bolt-ID,TD-LTE 2300,510,88,896288,"2015-04-28				",
TMP,PT Telekomunikasi Indonesia International,Telkomcel,TLS-TC,TCEL,GSM 850,514,01,8967011,"2015-04-30				",
TMP,Timor Telecom,Timor Telecom,TLS-TT,TT,GSM 900,514,02,8967072,"2003-08-20				",null,TLS-TT,
515,01,ISLACOM,
PHL,"Globe Telecom	 Inc.",Globe Telecom,Globe Telecom-PH,GLOBE,GSM 1800,515,02,896302,"2015-04-07			",null,Globe Telecom-PH,
PHL,"Digitel Mobile Phils.	 Inc.",Digitel Mobile/Sun Cellular,PH Sun Cellular,SUN,3G 2100,515,05,896305,"2012-10-04			",null,PH Sun Cellular,
515,18,CURE,
THA,CAT Telecom Public Company,CAT Telecom PLC,TH 3G+,TH 3G+,3G 850,520,00,896600,"2012-04-20				",
THA,Advanced Wireless Network Company Limited,AIS,AIS 3G,AIS 3G,3G 2100,520,03,896603,"2015-04-07				",
THA,"True Move H Universal Communication Co.	 Ltd.",True Move H ,TRUE 3G+,TRUE 3G+,3G 2100,520,04,896604,"2015-03-11			",
THA,"dtac TriNet Co.	 Ltd.",dtac TriNet,dtac TriNet,dtac,3G 2100,520,05,896605,"2013-05-17			",
520,015,TH ACT 1900,
THA,Total Access Communications Co,DTAC,TH-DTAC,DTAC,GSM 1800,520,18,8952018,"2004-04-16				",null,TH-DTAC,
THA,Digital Phone Co Ltd,GSM 1800,TH GSM 1800,GSM 1800,GSM 1800,520,23,8952023,"2004-04-16				",null,TH GSM 1800,
SGP,SingTel Mobile Singapore Pte. Ltd.,Singtel,Singtel,Singtel,LTE 1800,525,01,896501,"2015-01-27				",null,SingTel,
SGP,SingTel Mobile Singapore Pte. Ltd.,Singtel,Singtel,Singtel,GSM 1800,525,02,896501,"2015-01-27				",null,SingTel-G18,
SGP,M1 Limited,M1 Limited,SGP-M1,M1,3G 2100,525,03,896503,"2012-10-03				",null,SGP-M1-3GSM,
SGP,StarHub Mobile Pte Ltd,StarHub,StarHub,StarHub,3G 2100,525,05,896505,"2015-02-09				",null,STARHUB-SGP,
SGP,SingTel Mobile Singapore Pte. Ltd.,Singtel,SGP Call Zone,CallZone,3G 2100,525,07,896501,"2015-01-27				",null,SGP Call Zone,
BRN,Progresif Cellular Sdn Bhd,PCSB,PCSB,PCSB,3G 2100,528,02,8967381,"2014-07-18				",null,BRU-bmobile,
BRN,Datastream Technology Sdn Bhd,DTSCom,BRU-DSTCom,DSTCom,3G 2100,528,11,896711,"2015-05-28				",null,BRU-DSTCom,
NZL,Vodafone New Zealand Ltd,vodafone,vodafone NZ,voda NZ,GSM 900,530,01,896401,"2002-12-17				",null,vodafone NZ,
NZL,Spark New Zealand,Spark New Zealand Trading Limited,Spark NZ,Spark NZ,3G 2100,530,05,896405,"2014-10-17				",null,Telecom NZ,
PNG,BMobile Limited,bmobile,bmobile,bmobile,GSM 900,537,01,8967501,"2014-05-07				",null,PNGBMobile,
PNG,Digicel (PNG) Limited,Digicel PNG,DIGICEL,DIGICEL,GSM 900,537,03,8967503,"2011-08-05				",
537,30,Digicel PNG,
TON,Digicel (Tonga) Limited,Digicel (Tonga) Limited,Digicel Tonga,Digicel,GSM 900,539,88,8967688,"2014-09-16				",null,Digicel  Tonga,
540,01,SI BREEZE,
SLB,BMobile Limited ,bmobile,bmobile,bmobile,GSM 1800,540,02,8967702,"2014-05-07				",null,SIS,
VUT,Telecom Vanuatu Limited,SMILE,VUT SMILE,SMILE,GSM 900,541,01,8967801,"2015-02-09				",null,VUT SMILE,
VUT,Digicel (Vanuatu) Ltd,Digicel,Digicel,Digicel,GSM 900,541,05,8967805,"2011-12-16				",null,DIGICEL,
FJI,Vodafone Fiji Limited,VODAFONE,FJ VODAFONE,VODAFONE,LTE 1800,542,01,8967901,"2015-01-27				",null,FJ VODAFONE,
FJI,Digicel (Fiji) Ltd,Digicel (Fiji) Limited,DIGICEL,DIGICEL,GSM 900,542,02,8967902,"2012-07-05				",null,Digicel Fiji,
544,011,Blue Sky,
ASM,"American Samoa License	 Incorporated",BLUESKY,Bluesky Communications,BLUESKY,GSM 850,544,110,891684,"2012-05-02			",null,Blue Sky Communications,
544,544,Blue Sky Communications,
545,09,KL-Frigate,
NCL,Office des Postes et Telecommunications,MOBILIS,NCL MOBILIS,MOBNCL,GSM 900,546,01,8968701,"2003-09-04				",null,NCL MOBILIS,
PYF,Pacific Mobile Telecom,Vodafone,Vodafone PF,VF PF,GSM 900,547,15,8968915,"2012-12-19				",
PYF,Vini S.A.S.,VINI,F-VINI,VINI,GSM 900,547,20,8968920,"2015-02-09				",null,F-VINI,
COK,Telecom Cook Islands Limited,Telecom Cook Islands,CK KOKANET,KOKANET,GSM 900,548,01,8954801,"2012-07-05				",null,CK KOKANET,
WSM,Bluesky Samoa Limited,Bluesky Samoa Limited,Bluesky,Bluesky,GSM 900,549,27,8968527,"2012-10-19				",null,Bluesky Samoa,
FSM,Federated States of Micronesia Telecommunications Corporation,FSM Telecommunications Corporation,FSM Telecom,FSMTC,GSM 900,550,01,8969101,"2012-07-05				",null,FSM Telecom,
HML,Marshall Islands National Telecommunications Authority (NTA),NTA,MH-NTA,NTA,GSM 1800,551,01,8969201,"2013-07-17				",
PLW,Palau National Communications Corporation (PNCC) ,PalauCel,PalauCel,PalauCel,GSM 900,552,01,8968001,"2012-11-21				",
552,80,PLWPMC,
EGY,Egyptian  Company for Mobile Services (ECMS) MobiNil,Mobinil,EGY MobiNiL,MobiNiL,GSM 900,602,01,8920012,"2012-07-05				",null,EGY MobiNiL,
EGY,Vodafone Egypt Telecommunications S.A.E,vodafone,vodafone EG,voda EG,GSM 900,602,02,892002,"2013-04-09				",null,vodafone EG,
EGY,Etisalat - Misr,Etisalat,Etisalat,Etisalat,GSM 1800,602,03,8920033,"2013-02-20				",null,etisalat,
DZA,ATM Mobilis,Mobilis,ALG Mobilis,Mobilis,GSM 900,603,01,8921301,"2005-02-17				",null,ALG Mobilis,
DZA,Wataniya Télécom Algérie,Ooredoo Algerie,Ooredoo,Ooredoo,GSM 1800,603,03,8921303,"2015-02-04				",null,DZA NEDJMA,
MAR,Médi Télécom,MEDITEL,MOR MEDITEL,MEDITEL,GSM 900,604,00,8921200,"2002-11-14				",null,MOR MEDITEL,
MAR,Itissalat Al-Maghrib S.A.,IAM,MOR IAM,IAM,GSM 900,604,01,8921201,"2011-10-21				",null,MOR IAM,
MAR,Wana Corporate S.A.,WANA,inwi,inwi,GSM 1800,604,02,8921202,"2013-03-15				",
TUN,Tunisie Telecom,TUNTEL,TUNISIE TELECOM,TUNTEL,GSM 900,605,02,8921602,"2004-04-16				",null,TUNISIE TELECOM,
TUN,Ooredoo Tunisie SA,TUNISIANA,TUNISIANA,TUNISIAN,3G 900,605,03,8921603,"2015-02-09				",null,TUNISIANA,
LBY,Libyana Mobile Phone ,Libyana Mobile Phone,Libyana,L,GSM 900,606,00,89218000,"2012-07-05				",null,Libyana,
606,91,Almadar,
606,218,Almadar,
GMB,Comium Gambia Ltd.,Comium Gambia,GM COMIUM,GMCOMIUM,GSM 900,607,03,8922003,"2006-11-22				",null,GM COMIUM,
GMB,QCell,Qcell,Qcell,QC,3G 2100,607,04,8922004,"2012-10-19				",null,607 04/Qcell,
SEN,Société Nationale des Télécommunications du Sénégal (SONATEL),Orange Senegal,SN ALIZE,ALIZE,GSM 900,608,01,8922101,"2012-08-13				",null,SN ALIZE,
SEN,Sentel GSM S.A.,SENTEL,SN-SENTEL SG,SENTEL,GSM 900,608,02,8922102,"2012-08-13				",null,SN-SENTEL SG,
SEN,Sudan Telecom Company Ltd ,Expresso Senegal,SEN expresso,Expresso,GSM 900,608,03,8922103,"2012-08-13				",null,SEN expresso,
MRT,Tunisian Mauritanian Company of Telecommunications (MATTEL),MATTEL,MR MATTEL,MATTEL,GSM 900,609,01,8922201,"2004-04-16				",null,MR MATTEL,
MRT,CHINGUITEL S.A.,Chinguitel,MR Expresso,EMR,GSM 1800,609,02,8922202,"2012-03-05				",null,MR Expresso,
MLI,Malitel - SA,MALITEL,MALITEL ML,MALITEL,GSM 900,610,01,8922301,"2004-04-16				",null,MALITEL ML,
MLI,Orange Mali SA,Orange MALI,ORANGE ML,OML,GSM 900,610,02,8922302,"2006-11-13				",null,ORANGE ML,
GIN,Orange Guinée S.A.,Orange Guinee,Orange GN,ORANGEGN,GSM 900,611,01,8922401,"2007-06-26				",null,Orange GN,
GIN,Sotelgui sa,LAGUI,GN LAGUI,LAGUI,GSM 900,611,02,8922402,"2012-07-05				",null,GN LAGUI,
611,05,GINCL,
CIV,Atlantique Telecom Côte d'Ivoire,MOOV CI,MOOV CI,MOOV,GSM 1800,612,02,8922502,"2015-03-18				",null,ETISALAT CI,
CIV,Orange Cote DIvoire S.A.,Orange CI,Orange CI,Orange,GSM 900,612,03,8922503,"2004-04-13				",null,Orange CI,
BFA,Airtel Burkina Faso S.A,Airtel,Airtel,Airtel,GSM 900,613,02,8922602,"2014-07-21				",null,BF Celtel,
NER,Celtel Niger S.A.,Airtel,Airtel,Airtel,GSM 900,614,02,8922702,"2014-07-02				",null,CELTEL,
614,03,ETISALAT NER,
NER,Orange Niger S.A.,Orange Niger,Orange NE,Orange,GSM 900,614,04,8922704,"2015-06-23				",null,Orange NE,
TGO,Togo Telecom,TOGO CELL,TG-TOGO CELL,TGCELL,GSM 900,615,01,,"2013-05-16				",null,TG-TOGO CELL,
615,03,ETISALAT TOGO,
BEN,Etisalat Benin SA,ETISALAT BENIN,ETISALAT BENIN,ETISALAT,GSM 900,616,02,8922902,"2012-01-25				",null,ETISALAT BENIN,
BEN,Spacetel-Benin,MTN BENIN,MTN BENIN,MTNBENIN,GSM 900,616,03,8922903,"2015-02-25				",null,MTN BENIN,
BEN,Bell Benin Communications (BBCOM),Bell Benin Communication BBCOM,BELL BENIN COMMUNICATION,BBCOM,GSM 1800,616,04,8922904,"2012-01-31				",null,BELL BENIN COMMUNICATION,
MUS,Cellplus Mobile Communications Ltd.,ORANGE MRU,CELLPLUS-MRU,CELL +,GSM 900,617,01,8923001,"2003-03-11				",null,CELLPLUS-MRU,
MUS,Mahanagar Telephone (Mauritius) Ltd.,MTML,MTML,MTML,GSM 900,617,03,8923003,"2012-02-21				",
MUS,Emtel Ltd,EMTEL,EMTEL-MRU,EMTEL,GSM 900,617,10,8923002,"2012-07-05				",null,EMTEL-MRU,
LBR,Lonestar Communications Corporation,Lonestar Cell,LBR Lonestar Cell,LoneStar,GSM 900,618,01,8923101,"2012-03-05				",null,LBR Lonestar Cell,
LBR,"Cellcom Telecommunications	 Inc.",Cellcom,Celcom GSM,Celcom,GSM 1800,618,07,8923103,"2015-04-28			",null,Celcom GSM,
SLE,Airtel (SL) Limited,Airtel,Airtel,Airtel,GSM 900,619,01,8923201,"2014-07-02				",null,CELTEL SL,
619,02,MILLICOM SL,
SLE,Lintel (SL) Ltd.,Africell,Africell,Africell,GSM 900,619,05,89,"2013-02-20				",
619,07,GreenN SL,
GHA,Scancom Limited,MTN,GH MTN,MTN,GSM 900,620,01,8923301,"2007-05-10				",null,GH MTN,
GHA,Vodafone Ghana,Vodafone Ghana,GH Vodafone,Vodafone,GSM 900,620,02,8923302,"2012-07-05				",null,GH Vodafone,
620,03,tiGO,
GHA,Airtel Ghana Limited,Airtel,Airtel,Airtel,GSM 1800,620,06,8923306,"2014-08-13				",null,Airtel GH,
620,620,Glo Ghana,
NGA,Airtel Networks Limited,Airtel,Airtel,Airtel,GSM 900,621,20,8923462120,"2014-07-02				",null,AirtelNG,
NGA,MTN Nigeria Communications Limited,MTN Nigeria,MTN - NG,MTN-NG,GSM 1800,621,30,8923430,"2012-07-05				",null,MTN - NG,
621,40,NG Mtel,
NGA,Globacom Limited,Glo Mobile,Glo NG,glo,GSM 900,621,50,8923450,"2014-12-02				",null,Glo NG,
NGA,Emerging Markets Telecommunication Services Ltd,Etisalat Nigeria,Etisalat Nigeria,Etisalat,GSM 900,621,60,8923460,"2013-07-31				",null,EMTS NGA,
TCD,Airtel Tchad,Airtel,Airtel,Airtel,GSM 900,622,01,8923501,"2014-10-31				",null,CELTEL TCD,
TCD,Millicom - Tchad,Millicom Tchad,Tigo TD,Tigo,GSM 900,622,03,8923503,"2013-02-11				",
TCD,Mobilsotel S.A.,SALAM,SALAM,SALAM,GSM 900,622,07,8923504,"2013-03-12				",
CAF,Atlantique Telecom Centrafrique SA,ETISALAT,ETISALAT RCA,ETISALAT,GSM 900,623,01,8923601,"2012-01-16				",null,ETISALAT RCA,
CAF,Nationlink Telecom,Azur-RCA,NationLink,NL-RCA,GSM 900,623,04,8923604,"2012-05-10				",null,NationLink,
CMR,Orange Cameroun SA,Orange,Orange CAM,Orange,GSM 900,624,02,8923702,"2014-12-03				",null,Orange CAM,
CMR,VIETTEL CAMEROUN S.A.R.L ,Nexttel,Nexttel,Nexttel,GSM 900,624,04,8923704,"2014-09-30				",
625,01,CPV MOVEL,
CPV,"UNITEL T+ TELECOMUNICACÕES	 Sociedade Unipessoal S.A.",UNITEL T+ TELECOMUNICACÕES,UNITELT+,UNITELT+,3G 2100,625,02,8923802,"2014-10-17			",null,CPV T+,
STP,"Companhia Santomense de Telecomunicações	 SARL",CSTmovel,STP CSTmovel,CSTmovel,GSM 900,626,01,8923901,"2012-07-05			",null,STP CSTmovel,
STP,Unitel STP S.a.r.l.,Unitel STP,Unitel STP,Unitel,3G 1900,626,02,8923902,"2014-06-09				",
GNQ,Guinea Ecuatorial de Telecomunicaciones Sociedad Anonima,Orange GQ,GNQ01,GETESA,GSM 900,627,01,,"2015-02-04				",null,GNQ01,
GNQ,Green Com S.A.,Green Com,GNQ-Muni,Muni-GQ,GSM 1800,627,03,8924003,"2014-03-20				",null,HiTs-GQ,
GAB,Libertis S.A.,LIBERTIS,LIBERTIS,LIBERTIS,GSM 900,628,01,8924101,"2012-08-09				",null,628 01/LIBERTIS,
628,02,ETISALAT GAB,
GAB,Celtel Gabon S.A.,Airtel,Airtel,Airtel,GSM 900,628,03,8924103,"2015-02-04				",null,ZAIN GA,
COG,Airtel Congo SA,Airtel,Airtel,Airtel,GSM 900,629,01,8924201,"2014-08-13				",null,CELTEL,
COG,Warid Congo JSC,Warid Congo,Airtel,Airtel,GSM 900,629,07,8962907,"2014-07-28				",null,WARID RC,
COG,MTN Congo S.A,Libertis Telecom,COG MTN,MTN-CG,GSM 900,629,10,8962910,"2006-05-12				",null,COG MTN,
COD,Vodacom Congo (RDC) S.A.,Vodacom Congo,Vodacom Congo,VODACOM,GSM 900,630,01,8924301,"2014-12-03				",null,VODACOM CD,
COD,AIRTEL CONGO RDC SA,Airtel,Airtel,Airtel,GSM 900,630,02,8924302,"2014-09-10				",null,CELTEL DRC,
630,05,SCELL CD,
COD,Orange RDC Sarl,Orange RDC,Orange RDC,Orange,GSM 900,630,86,8924384,"2012-12-19				",null,DRC and CCT,
COD,Yozma Timeturns sprl,YTT,CD Smart,Smart,GSM 1800,630,88,8924388,"2012-03-13				",null,CD Smart,
COD,Oasis sprl,TIGO,TIGO DRC,TIGO,3G 2100,630,89,8924389,"2013-04-11				",null,CD OASIS,
COD,Africell RDC sprl,Africell RDC,Africell RDC,AFRICELL,GSM 1800,630,90,8924390,"2013-01-25				",
AGO,Unitel S.A.,UNITEL,UNITEL,UNITEL,3G 2100,631,02,8924402,"2014-07-28				",
AGO,"Movicel - Telecomunicações	S.A. ",MOVICEL,MOVICEL,AGOMV ,GSM 900,631,04,8924404,"2015-05-05			",
632,03,Orange BS,
632,07,GTM,
SYC,Cable and Wireless (Seychelles) Ltd,CABLE & WIRELESS,C&W SEY,C&W SEY,GSM 900,633,01,8924801,"2015-02-25				",
SYC,Airtel (Seychelles) Limited,Airtel,Airtel,Airtel,GSM 900,633,10,8924810,"2014-07-02				",null,SEZ AIRTEL,
SDN,Sudanese Mobile Telephone (Zain) Co. Ltd,Zain Sudan,Zain SDN,Zain SD,GSM 900,634,01,8924901,"2014-11-18				",null,MobiTel SDN,
634,05,Vivacell,
634,06,Zain SD,
635,01,RWAAR,
635,04,RWAAR,
635,10,R-CELL,
635,12,RWTEL,
RWA,Tigo Rwanda Ltd,TIGO RWANDA LTD,TIGO RWANDA,TIGO RW,GSM 1800,635,13,8925013,"2014-04-07				",null,TIGO,
RWA,Bharti Airtel Rwanda Holdings B.V.,Airtel,Airtel,Airtel,GSM 1800,635,14,8925014,"2014-07-28				",
ETH,Ethio Telecom,ETH MTN,ETH MTN,ET-MTN,GSM 900,636,01,8925101,"2014-12-03				",null,ETH-MTN,
SOM,Telesom Company,Telesom,SO Telesom,Tele,GSM 900,637,01,8925222,"2009-01-05				",null,SO Telesom,
637,07,SO SALAMGSM,
SOM,Golis Telecommunications Company Ltd,Golis Telecom Somalia,Som Golis,Golis,GSM 900,637,30,8925251,"2012-08-17				",null,Som Golis,
637,40,SO/MONTYSOM,
637,71,SOMTEL,
637,82,Telsom,
DJI,Djibouti Telecom S.A.,Evatis,DJ EVATIS,EVATIS,GSM 900,638,01,8925301,"2004-04-14				",null,DJ EVATIS,
KEN,Safaricom Limited,Safaricom,Safaricom,SAF-COM,GSM 900,639,02,8925402,"2004-04-16				",null,Safaricom,
KEN,Airtel Networks Kenya Limited,Airtel,Airtel,Airtel,GSM 900,639,03,8925403,"2014-07-28				",null,Airtel Networks Kenya Lt,
KEN,Telkom Kenya Limited,Orange Kenya,GSM Telkom,GSMTKL,GSM 1800,639,07,8925407,"2011-09-15				",null,GSM Telkom,
TZA,MIC Tanzania Limited,Tigo,TIGO - TZ,TIGO,GSM 1800,640,02,8925502,"2012-07-05				",null,TIGO - TZ,
TZA,Zanzibar Telecom Ltd,ZANTEL,ZANTEL-TZ,ZANTEL,GSM 900,640,03,8925503,"2012-07-05				",null,ZANTEL-TZ,
TZA,Airtel Tanzania Limited,Airtel,Airtel,Airtel,GSM 400,640,05,8925505,"2014-08-13				",null,celtel,
640,08,Smart,
640,09,Hits TZ,
UGA,Airtel Uganda Limited,Airtel,Airtel,Airtel,GSM 900,641,01,8925601,"2015-02-04				",null,UG CelTel,
UGA,MTN Uganda Ltd,MTN-UGANDA,MTN-UGANDA,MTN-UG,GSM 900,641,10,8925610,"2012-08-07				",null,MTN-UGANDA,
UGA,Uganda Telecom Ltd,Uganda Telecom,Uganda Telecom,UTL,GSM 900,641,11,8925611,"2012-08-13				",null,Uganda Telecom,
UGA,Africell Uganda Limited,ORANGE UGANDA LIMITED,ORANGE UGANDA,OUL,GSM 1800,641,14,8925614,"2015-02-25				",null,ORANGE UGANDA,
UGA,Suretelcom Uganda Limited,SMART Uganda,Suretelcom,suretel,GSM 900,641,18,8925618,"2014-10-07				",
UGA,Airtel Uganda Limited,Airtel,Airtel,Airtel,GSM 900,641,22,8964170,"2015-02-04				",null,WaridTel,
642,01,BDI ECONET,
BDI,Africell PLC Company,AFRICELL PLC COMPANY,BDI TEMPO-AFRICELL,TEMPO-AF,GSM 900,642,02,8925702,"2012-03-28				",null,BDI TEMPO-AFRICELL,
BDI,Onatel,ONATEL,ONATEL BDI,ONATEL,GSM 900,642,03,8964203,"2005-07-07				",null,ONATEL BDI,
BDI,U-Com Burundi S.A.,U-COM Burundi,TELECEL-BDI,BDITL,GSM 900,642,82,8925782,"2014-08-15				",null,TELECEL-BDI,
MOZ,Moçambique Celular S.A.R.L.,mcel,MOZ - mCel,mCel,GSM 1800,643,01,8925801,"2003-08-20				",null,MOZ - mCel,
MOZ,Movitel S.A.,MOVITEL,MOVITEL,MOVITEL,GSM 900,643,03,8925803,"2012-03-27				",
MOZ,"VM	 S.A.",Vodacom Mozambique,VodaCom-MZ,VodaCom,GSM 1800,643,04,8925804,"2014-06-13			",null,VodaCom-MZ,
ZMB,Airtel Networks Zambia Plc.,Airtel,Airtel,Airtel,GSM 900,645,01,8926001,"2014-07-02				",null,ZM CELTEL,
MDG,Airtel Madagascar SA,Airtel,Airtel,Airtel,GSM 1800,646,01,8926101,"2014-07-21				",null,ZAIN MG,
MDG,Orange Madagascar S.A.,Orange Madagascar,Orange MG,OrangeMG,GSM 900,646,02,8926102,"2011-09-15				",null,Orange MG,
REU,Orange Réunion,Orange Reunion,Orange re,Orange,GSM 1800,647,00,8926200,"2008-07-23				",null,Orange re,
REU,Outremer Télécom,OUTREMER TELECOM,ONLY,OUTREMER,GSM 900,647,02,8926202,"2012-07-05				",null,ONLY,
647,10,SFR REUNION,
ZWE,Net*One Cellular (Pvt) Ltd,Net*One Cellular,ZW NET*ONE,NETONE,GSM 900,648,01,8926301,"2004-04-16				",null,ZW NET*ONE,
ZWE,Telecel Zimbabwe (PVT) Ltd,TELECEL,TELECEL ZW,TELECEL,GSM 900,648,03,8926303,"2012-07-05				",null,TELECEL ZW,
ZWE,Econet Wireless (Private) Limited,ECONET,ZW ECONET,ECONET,GSM 900,648,04,8926304,"2004-04-21				",null,ZW ECONET,
NAM,Mobile Telecommunications Limited,MTC,MTC NAMIBIA,MTCNAM,GSM 1800,649,01,8926401,"2004-04-16				",null,MTC NAMIBIA,
NAM,Telecom Namibia Limited,tnmobile™,tnmobile,tnmobile,GSM 900,649,03,8926403,"2013-07-17				",null,leo?,
MWI,Airtel Malawi Limited,Airtel,Airtel,Airtel,GSM 900,650,10,8926502,"2014-07-21				",null,CELTEL MW,
651,01,Vodacom Lesotho,
LSO,Econet Telecom Lesotho (Pty) Ltd (ETL),Econet Telecom Lesotho (Pty) Ltd,LS-ETL,ETL,GSM 900,651,02,8926602,"2012-03-05				",null,LS-ETL,
BWA,Mascom Wireless (Pty) Limited,MASCOM,BW MASCOM,MASCOM,GSM 900,652,01,8926701,"2004-04-13				",null,BW MASCOM,
BWA,Botswana Telecommunications Corporation,beMOBILE,beMOBILE,beMOBILE,GSM 1800,652,04,8926704,"2013-02-26				",null,BWA04,
SWZ,Swazi MTN Limited,Swazi MTN,Swazi-MTN,SwaziMTN,GSM 900,653,10,8926810,"2004-04-16				",null,Swazi-MTN,
ZAF,Vodacom Group (Pty) Ltd. ,VodaCom,VodaCom-SA,VODA,GSM 900,655,01,8965501,"2011-11-08				",null,VodaCom-SA,
ZAF,Telkom SA Ltd,Telkom SA Ltd,TelkomSA,TelkomSA,GSM 1800,655,02,892702,"2013-03-28				",
ZAF,Mobile Telephone Networks (Pty) Ltd.,MTN-SA,MTN-SA,MTN,GSM 900,655,10,892701,"2004-04-16				",null,MTN-SA,
SHN,Sure South Atlantic (St Helena & Ascension Islands) Ltd,Sure South Atlantic Ltd (Ascension),Sure,Sure,GSM 1800,658,01,8924701,"2015-05-20				",
SSD,MTN South Sudan,MTN South Sudan,MTN,MTN,GSM 1800,659,02,8921102,"2012-03-15				",
SSD,Gemtel Ltd,Gemtel Ltd,Gemtel,Gemtel,GSM 1800,659,03,8965903,"2012-05-18				",
GTM,"Telecomunicaciones de Guatemala	 S.A. (TELGUA)",CLARO,CLARO GTM,CLAROGTM,3G 1900,704,01,8950201,"2014-04-17			",null,CLARO GTM,
GTM,Comunicaciones Celulares S.A.,TIGO GUATEMALA,TIGO,TIGO,GSM 850,704,02,8950202,"2015-06-16				",null,Comcel�GSM,
GTM,"Telefónica Móviles Guatemala	 S.A.",Telefonica,Movistar,Movistar,GSM 1900,704,03,8950203,"2013-02-20			",null,movistar,
SLV,"CTE Telecom Personal	 S.A. de C.V.",CLARO SLV,CLARO SLV,ClaroSLV,GSM 1900,706,01,8950301,"2012-07-05			",null,CLARO SLV,
SLV,"Digicel	 S.A. de C.V.",Digicel,Digicel,DIGICEL,GSM 900,706,02,8950302,"2012-07-05			",null,Digicel,
SLV,"Telemovil El Salvador	 S.A.",TIGO,TELEMOVIL,TM,GSM 850,706,03,8970603,"2012-07-05			",null,TELEMOVIL,
SLV,"Telefónica Móviles El Salvador	 S.A de C.V.",Telefonica,Movistar,Movistar,GSM 850,706,04,8950304,"2014-09-16			",null,movistar,
706,010,ESV PERSONAL,
HND,Servicios de Comunicaciones de Honduras S.A. de C.V.,CLARO GSM,CLARO HND,ClaroHND,GSM 1900,708,001,89504001,"2012-07-05				",null,CLARO HND,
HND,"Telefónica Celular	 S.A. (CELTEL)  ",TIGO,TIGOHND,TIGO,GSM 850,708,02,8970802,"2015-06-11			",null,CELTELHND,
HND,Empresa Hondureña de Telecomunicaciones (HONDUTEL),Empresa Hondurena de Telecomunicaciones,HND,HT - 200,GSM 1900,708,030,8970803,"2012-07-05				",null,HND,
710,001,CLARO NIC,
710,002,CLARO NIC,
710,003,CLARO NIC,
710,007,CLARO NIC,
NIC,Empresa Nicaraguense de Telecomunicaciones S.A. - ENITEL,CLARO NIC,CLARO NIC,ClaroNIC,GSM 850,710,21,8950573,"2012-09-25				",null,CLARO NIC,
NIC,Empresa Nicaraguense de Telecomunicaciones S.A. - ENITEL,CLARO NIC,CLARO NIC,ClaroNIC,GSM 1900,710,73,8950573,"2012-09-25				",null,CLARO NIC,
NIC,Telefónia Celular de Nicaragua S.A.,Movistar,Movistar,Movistar,GSM 850,710,300,8950530,"2015-01-27				",null,MOVISTARNI,
712,00,I.C.E.,
CRI,Instituto Costarricense de Electricidad - ICE,I.C.E.,I.C.E.,I.C.E.,3G 850,712,01,8950601,"2012-07-05				",
CRI,Instituto Costarricense de Electricidad - ICE,I.C.E.,I.C.E.,I.C.E.,GSM 1800,712,02,8950601,"2011-05-26				",
CRI,"Claro CR Telecomunicaciones	 S.A. ",Claro CR,CLARO CR,CLARO CR,GSM 1800,712,03,8950603,"2011-09-21			",
CRI,"Telefónica de Costa Rica TC	 S.A.",Movistar,Movistar,Movistar,3G 850,712,04,8950604,"2012-10-23			",null,TC,
PAN,"Cable & Wireless Panamá	 S.A.",Cable & Wireless Panama,+Movil - C&W PAN,PANCW,GSM 850,714,01,8950701,"2012-05-18			",null,+Movil - C&W PAN,
PAN,Digicel (Panama) S.A.,Digicel Panama,DIGICEL,DIGICEL,GSM 1900,714,04,8950704,"2012-09-13				",
PAN,"Telefónica Móviles Panamá	 S.A.",Movistar,Movistar,Movistar,GSM 850,714,020,8950702,"2010-07-12			",null,movistar,
PER,"América Móvil Perú	 S.A.C.",CLARO PER,CLARO PER,ClaroPER,LTE 1900,716,10,895110,"2015-01-27			",null,CLARO PER,
PER,Viettel Peru S.A.C.,Viettel Peru S.A.C,Viettel Peru,VTP,GSM 1900,716,15,895115,"2013-04-09				",null,Viettel Peru S.A.C.,
PER,Entel Perú S.A.,Entel Peru,PERN3,entel,3G 1900,716,17,895117,"2015-01-13				",null,PERN3,
722,007,Movistar,
ARG,Telefónica Móviles Argentina S.A.,Telefonica MVNO,AR - TEFMVNO,TEFMVNO,GSM 850,722,010, 895401,"2015-06-11				",
722,034,AR PERSONAL,
722,036,AR PERSONAL,
ARG,AMX Argentina S.A.,CLARO ARGENTINA,CLARO ARGENTINA,CLARO AR,GSM 850,722,310,8954310,"2015-06-11				",null,CLARO ARGENTINA,
BRA,TIM Celular S.A.,TIM BRASIL,TIM BRASIL,TIM,GSM 1800,724,02,8955,"2014-10-07				",null,TIM BRASIL,
BRA,TIM Celular S.A.,TIM BRASIL,TIM BRASIL,TIM,GSM 1800,724,03,8955,"2014-10-07				",null,TIM BRASIL,
BRA,TIM Celular S.A.,TIM BRASIL,TIM BRASIL,TIM,3G 850,724,04,8955,"2014-10-07				",null,TIM BRASIL,
BRA,Claro S.A,Claro,Claro,Claro,3G 2100,724,05,8955053,"2014-06-13				",
BRA,Vivo S.A.,Vivo,VIVO,VIVO,LTE 700,724,06,895506,"2014-11-18				",
BRA,Vivo S.A.,Vivo,VIVO,VIVO,GSM 1800,724,10,895510,"2014-11-18				",
BRA,Vivo S.A.,Vivo,VIVO,VIVO,LTE 700,724,11,895511,"2014-11-18				",
BRA,Sercomtel S.A.,Sercomtel Celular S/A,BRA SCTL,SCTL,3G 850,724,15,895515,"2012-05-23				",null,BRA SCTL,
BRA,Vivo S.A.,Vivo,VIVO,VIVO,3G 2100,724,23,895523,"2014-11-18				",
BRA,Oi Móvel S.A,Oi,Oi,Oi,GSM 1800,724,24,895524,"2014-06-09				",null,AMAZONIA,
BRA,Algar Telecom S.A.,Algar Telecom,Algar Telecom,Algar,GSM 900,724,32,895000,"2014-05-07				",null,CTBC,
BRA,Algar Telecom S.A.,Algar Telecom,Algar Telecom,Algar,GSM 1800,724,33,895533,"2014-05-07				",null,CTBC,
BRA,Algar Telecom S.A.,Algar Telecom,Algar Telecom,Algar,GSM 900,724,34,895534,"2014-05-07				",null,CTBC,
724,39,Nextel Brazil 3G,
CHL,Entel PCS Telecomunicaciones S.A.,ENTEL PCS,ENTEL PCS,ENTEL,3G 1900,730,01,895601,"2015-03-12				",null,CL ENTEL PCS,
CHL,Telefónica Móvil de Chile S.A.,Telefonica Movil de Chile,Movistar,Movistar,3G 850,730,02,895602,"2014-04-11				",null,CHL Movistar,
CHL,Claro Chile SA,CLARO CHILE,CLARO CHL,ClaroCHL,GSM 1900,730,03,8956030,"2006-11-09				",null,CLARO CHL,
CHL,Telefónica Móvil de Chile S.A.,Telefonica Movil de Chile,Movistar,Movistar,GSM 1900,730,07,895602,"2014-04-11				",
CHL,VTR Móvil S.A.,VTR MOVIL  S.A,CHL VTR,VTR,3G 1700,730,08,895608,"2012-07-04				",null,CHL vtr,
CHL,Nextel S.A.,Nextel Chile,Nextel 3G,Nextel3G,3G 1700,730,09,,"2011-01-26				",
CHL,Entel PCS Telecomunicaciones S.A.,ENTEL PCS,ENTEL PCS,ENTEL,GSM 1900,730,10,895610,"2015-03-12				",null,CL ENTEL PCS,
730,730,CHL Movistar,
COL,Comunicacion Celular S.A (Comcel S.A),Claro,Claro,Claro,GSM 850,732,101,8957101,"2015-04-30				",null,COMCEL,
COL,Colombia Movil S.A.,TIGO COLOMBIA,TIGO,TIGO,GSM 1900,732,103,8957732,"2015-06-17				",null,COL MOV / TIGO,
732,111,COL MOV / TIGO,
COL,EMPRESA DE TELECOMUNICACIONES DE BOGOTÁ S.A. E.S.P,ETB,ETB 4G,ETB,LTE 2100,732,187,8957187,"2015-02-09				",
734,01,DIGITEL GSM,
VEN,Corporacion Digitel C.A.,DIGITEL GSM,DIGITEL GSM,DIGITEL,GSM 1800,734,02,895802,"2013-03-12				",null,DIGITEL GSM,
734,03,DIGITEL GSM,
VEN,Telcel C.A.,Movistar,Movistar,Movistar,GSM 850,734,04,895804,"2014-10-07				",null,movistar,
VEN,Telecomunicaciones Movilnet C.A.,Telecomunicaciones Movilnet,VE_MOVILNET,Movilnet,GSM 850,734,06,8958060,"2007-11-19				",null,VE�MOVILNET,
736,001,VIVA,
BOL,Entel S.A.,Entel,BOMOV,EMOVIL,GSM 900,736,02,8959102,"2004-04-13				",null,BOMOV,
BOL,Telefonica Celular de Bolivia S.A.,TIGO BOLIVIA,TIGO,TIGO,GSM 850,736,03,8959103,"2014-06-03				",null,Telecel�Bolivia�GSM,
GUY,Guyana Telephone and Telegraph Company,Cellink Plus,GUY CLNK PLS,CLNKPLS,GSM 900,738,002,8959200,"2014-06-09				",null,GUY CLNK PLS,
ECU,Otecel Sociedad Anónima,MOVISTAR,Movistar,Movistar,GSM 1900,740,00,8959300,"2015-03-23				",null,movistar,
ECU,Corporación Nacional de Telecomunicaciones CNT E.P.,CNT,CNT,CNT,GSM 1900,740,02,8959302,"2014-07-02				",
744,001,HOLA PARAGUAY S.A.,
PRY,Telefonica Celular Del Paraguay S.A. (Telecel S.A.),Telecel Paraguay,TIGO PY,TIGO,GSM 850,744,04,8959504,"2011-12-21				",null,TIGO PY,
PRY,Núcleo S.A.,Personal,PY Personal,Personal,GSM 850,744,05,89744,"2012-07-05				",null,PY Personal,
SUR,Telecommunications Company Suriname,TELESUR.GSM,SR.TELESUR.GSM,TeleG,GSM 1800,746,02,8959702,"2012-07-05				",null,SR.TELESUR.GSM,
URY,Antel,Antel,Antel,Antel,GSM 1800,748,01,8959801,"2012-11-21				",
URY,AM Wireless Uruguay S.A.,CLARO URUGUAY,CLARO URUGUAY,CLARO UY,GSM 1900,748,10,8959100,"2012-08-14				",null,CLARO URUGUAY,
FLK,Sure South Atlantic Limited,