GRC,COSMOTE - Mobile Telecommunications S.A.,COSMOTE,GR COSMOTE,C-OTE,1800 (GSM),202,01,7,893001,2012-07-05,
GRC,Wind Hellas Telecommunications S.A.,WIND,WIND GR,WIND,2100 (3G),202,09,,"893010, 893009",2012-12-17,
GRC,Wind Hellas Telecommunications S.A.,WIND,WIND GR,WIND,2100 (3G),202,10,,"893010, 893009",2012-12-17,
NLD,Tele2 Mobiel B.V.,Tele2 Nederland,Tele2 NL,Tele2,800 (LTE),204,02,,8931422,2014-10-02,
NLD,Vodafone Libertel B.V.,vodafone,vodafone NL,voda NL,2100 (3G),204,04,,893144,2014-07-02,
NLD,KPN B.V.,KPN B.V.,NL KPN,NL KPN,900 (GSM),204,08,0,893108,2014-10-02,
NLD,T-Mobile Netherlands B.V,T-Mobile NL,T-Mobile NL,TMO NL,2100 (3G),204,16,,8931169,2005-08-30,
BEL,Belgacom SA/NV,PROXIMUS,BEL PROXIMUS,PROXI,900 (GSM),206,01,1,893200,2003-06-03,
BEL,Mobistar S.A.,Mobistar,B mobistar,mobi*,2100 (3G),206,10,,893202,2014-04-17,
BEL,BASE Company NV/SA,BASE Company NV/SA,BASE,BASE,1800 (GSM),206,20,2,8932030,2014-10-02,
FRA,Orange France,Orange France,Orange F,Orange,900 (3G),208,01,,893301,2012-03-09,
FRA,Orange France,Orange France,F-Contact,Contact,900 (GSM),208,02,0,893301,2013-02-11,
FRA,Soci?t? Fran?aise du Radiot?l?phone S.A.,SFR,F SFR,SFR,900 (3G ),208,09,,893310,2014-12-03,
FRA,Soci?t? Fran?aise du Radiot?l?phone S.A.,SFR,F SFR,SFR,900 (GSM),208,10,,893310,2014-12-03,
FRA,Soci?t? Fran?aise du Radiot?l?phone S.A.,SFR (Contact),F - Contact,Contact,900 (GSM),208,13,,893310,2014-12-03,
FRA,Free Mobile,Free Mobile,Free,Free,900 (3G),208,15,,893315,2011-03-03,
FRA,Bouygues Telecom,Bouygues Telecom,F-Bouygues Telecom,BYTEL,1800 (GSM),208,20,4,893320,2012-09-19,
FRA,Bouygues Telecom,Bouygues Telecom (Contact),F - Contact,Contact,900 (GSM),208,88,"4,7",893320,2012-09-19,
AND,Servei De Telecomunicacions dAndorra,ANDORRA TELECOM,MOBILAND,M-AND,2100 (3G),213,03,,8937603,2014-09-30,
ESP,"Vodafone Espa?a, S.A.U.",vodafone,vodafone,voda ES,2100 (3G),214,01,,893456,2014-12-16,
ESP,France Telecom Espa?a S.A.U.,Orange,Orange,Orange,900 (GSM),214,03,2,893401,2012-07-05,
ESP,"Xfera M?viles, S.A.",YOIGO,YOIGO,YOIGO,1800 (GSM),214,04,,893404,2014-12-03,
ESP,Telefonica Moviles Espana S.A.,Movistar,Movistar,Movistar,900 (GSM),214,07,,893407,2012-07-05,
HUN,Telenor Magyarorszag Zrt,Telenor,Telenor HU,TelenorH,1800 (GSM),216,01,"0,7",893620,2012-07-05,
HUN,Magyar Telekom Plc,T-Mobile Hungary,Telekom HU,THU,900 (GSM),216,30,6,893630,2013-06-03,
HUN,Vodafone Hungary Ltd,vodafone,vodafone HU,voda HU,1800 (GSM),216,70,2,893670,2013-04-09,
BIH,RS Telecommunications  JSC Banja Luka,m:tel,m:tel,m:tel,2100 (3G),218,05,,8938705,2014-12-16,
BIH,"BH Telecom, Joint Stock Company, Sarajevo",BH Mobile,BH Mobile,BHMobile,900 (GSM),218,90,,8938701,2012-07-05,
BIH,Public Enterprise Croatian Telecom JSC,Croatian Telecom Inc,HT HR,HT HR,900 (GSM),219,01,,8938598,2014-07-28,
SRB,Telenor D.o.o.,Telenor,Telenor SRB,Telenor,1800 (GSM),220,01,"3,7",8938101,2012-07-05,
SRB,Telekom Srbija,Telekom Srbija,mt:s,MTS,1800 (GSM),220,03,3,8938103,2012-09-19,
SRB,Vip mobile d.o.o.,Vip,Vip SRB,Vip SRB,2100 (3G),220,05,,8938105,2012-07-05,
ITA,Telecom Italia SpA,TIM,I TIM,TIM,2100 (3G),222,01,,893901,2014-03-20,
ITA,Vodafone Omnitel N.V.,vodafone,vodafone IT,voda IT,1800 (GSM),222,10,6,893910,2004-09-28,
ITA,Wind Telecomunicazioni SpA,Wind Telecomunicazioni SpA,I WIND,I WIND,1800 (GSM),222,88,7,893988,2004-04-14,
ROU,Vodafone Romania S.A.,Vodafone RO,RO Vodafone RO,VF-RO,1800 (GSM),226,01,"0,1,2,3,4",894001,2012-07-05,
ROU,Telekom Romania Mobile Communications S.A.,TELEKOM.RO,TELEKOM.RO,TELEKOM,900 (GSM),226,03,"0,1",894003,2014-09-29,
ROU,Orange Romania SA,ORANGE,RO ORANGE,ORANGE,1800 (GSM),226,10,3,894010,2004-04-16,
CHE,Swisscom (Switzerland) Ltd,Swisscom,Swisscom,Swisscom,900 (GSM),228,01,"1,5",894101,2012-09-12,
CHE,Sunrise Communications AG,Sunrise,Sunrise,Sunrise,2100 (3G),228,02,,894102,2012-05-22,
CZE,T-Mobile Czech Republic a.s.,T-Mobile CZ,T-Mobile CZ,TMO CZ,900 (GSM),230,01,5,894201,2004-04-14,
CZE,O2 Czech Republic a.s.,O2 CZ,O2 CZ,O2 CZ,900 (GSM),230,02,1,894202,2014-12-03,
CZE,Vodafone Czech Republic a.s.,Vodafone,Vodafone CZ,Vodafone,1800 (GSM),230,03,1,894203,2006-02-10,
SVK,Orange Slovensko a.s.,Orange SK,Orange SK,Orange,1800 (GSM),231,01,"0,3",8942101,2012-07-05,
SVK,"Slovak Telekom, a. s.",Telekom,Telekom SK,Telekom,900 (GSM),231,02,"3,7",8942102,2012-02-21,
231,03,SWAN SK,
SVK,"O2 Slovakia, s.r.o.",O2 - SK,O2 - SK,O2 - SK,1800 (GSM),231,06,,8942104,2014-06-13,
AUT,A1 Telekom Austria AG ,A1,A1,A1,2100 (3G),232,01,,894301,2014-06-09,
AUT,T-Mobile Austria GmbH,T-Mobile Austria,T-Mobile A,TMA,900 (GSM),232,03,"0,4",894303,2014-05-08,
AUT,Hutchison Drei Austria GmbH,3 AT,3 AT,3 AT,2100 (3G),232,05,,894305,2014-12-03,
AUT,T-Mobile Austria GmbH,Tele-ring,telering,telering,2100 (3G),232,07,,894307,2014-05-08,
AUT,Hutchison Drei Austria GmbH,3 AT,3 AT,3 AT,2600 (LTE),232,10,,894310,2014-12-03,
AUT,A1 Telekom Austria AG ,A1,A1,A1,2100 (3G),232,12,,894301,2014-06-09,yesss!,null,
JEY,JERSEY AIRTEL LIMITED,Airtel-Vodafone,Airtel-Vodafone,ATL-VOD,1800 (GSM),234,03,"0,7",894476,2012-03-13,
GBR,Telef?nica UK Limited,O2 (UK),O2 - UK,O2 - UK,1800 (GSM),234,10,2,894411,2013-05-01,
GBR,VODAFONE Ltd,vodafone,vodafone UK,voda UK,1800 (GSM),234,15,6,894410,2013-04-09,
GBR,Marathon Telecom Limited,Marathon Telecom Limited,Marathon,Marathon,2100 (3G),234,28,,894403,2010-12-09,
GBR,Everything Everywhere Limited,T-Mobile,EE,EE,2100 (3G),234,30,,894430,2012-12-17,
GBR,Everything Everywhere Limited,T-Mobile,EE,EE,2100 (3G),234,31,,894430,2012-12-17,
GBR,Everything Everywhere Limited,T-Mobile,EE,EE,2100 (3G),234,32,,894430,2012-12-17,
GBR,Everything Everywhere Limited,Orange,EE,EE,2100 (3G),234,33,,894412,2012-12-17,
GBR,JT (Guernsey) Limited,JT,JT,JT,1800 (GSM),234,50,,894450,2012-09-14,
GBR,Sure (Guernsey) Limited,Sure (Guernsey) Limited,Sure,Sure,900 (GSM),234,55,,894455,2013-07-31,
GBR,Manx Telecom,Manx Telecom,Manx Telecom,MANX,2100 (3G),234,58,,894453,2014-05-08,
DNK,TDC A/S,TDC Mobil,DK TDC,TDC,900 (GSM),238,01,1,894501,2014-10-02,
DNK,Telenor A/S,Telenor DK,Telenor DK,TelenoDK,900 (GSM),238,02,5,894502,2014-12-03,
DNK,Telia Nattjanster Norden AB,TeliaSonera DK,Telia DK,Telia,900 (GSM),238,20,1,894504,2013-01-28,
DNK,Telenor A/S,Telia-Telenor DK,Telia-Telenor DK,TT DK,1800 (GSM),238,66,,894502,2014-12-03,
DNK,Telenor A/S,Telenor DK,Telenor DK,TelenoDK,900 (3G),238,77,,894502,2014-12-03,
SWE,TeliaSonera Mobile Networks AB Sweden,TeliaSonera,TELIA S,TELIA,900 (GSM),240,01,2,894601,2003-12-12,
SWE,Tele 2 AB,Tele 2 AB,Tele2,Tele2 SE,900 (GSM),240,07,6,8946100,2013-08-16,
SWE,Telenor Sverige AB,Telenor,Telenor SE,TelenorS,2100 (3G),240,08,,894608,2014-10-07,
SWE,Telenor Sverige AB,Telenor,Telenor SE,TelenorS,900 (GSM),240,24,,894608,2014-10-07,
NOR,Telenor Norge AS.,TELENOR,N Telenor,TELENOR,900 (GSM),242,01,3,894701,2004-04-16,
NOR,TeliaSonera Norge AS,NetCom,N NetCom,NetCom,900 (GSM),242,02,,894708,2005-02-24,
NOR,Mobile Norway AS,Mobile Norway,Mobile Norway,Mobile N,2100 (3G),242,04,,894704,2012-07-05,
NOR,Mobile Norway AS,Mobile Norway,Mobile Norway,Mobile N,2100 (3G),242,05,,894704,2012-07-05,
FIN,DNA Ltd,DNA Ltd,DNA,DNA,900 (3G),244,03,,8935806,2014-12-03,FI DNA,null,
FIN,Elisa Corporation,Elisa Corporation,FI elisa,elisa,2100 (LTE),244,05,,8935802,2014-04-17,
FIN,DNA Ltd,DNA Ltd,DNA,DNA,1800 (GSM),244,12,"0,4",8935806,2014-12-03,FI DNA,null,
FIN,?lands Telekommunikation Ab,Alands Telekommunikation Ab,FI AMT,FI AMT,900 (GSM),244,14,"0,4",8935807,2014-08-15,
244,36,Sonera - SuomenYV,
FIN,TeliaSonera Finland Oyj,SONERA,FI SONERA,SONERA,1800 (GSM),244,91,0,8935801,2014-12-03,
LTU,UAB Bit? Lietuva,BITE GSM,LT BITE GSM,BITE,900 (GSM),246,02,7,8937002,2004-04-16,
LTU,UAB TELE2,TELE2,Tele2 LT,Tele2 LT,900 (GSM),246,03,3,8937003,2010-03-30,
LVA,Latvijas Mobilais Telefons,LMT,LV LMT,LMT,900 (GSM),247,01,2,8937101,2012-09-12,
LVA,TELE2,TELE2,Tele2 LV,Tele2 LV,900 (GSM),247,02,6,8937102,2010-03-30,
LVA,SIA Bite Latvija,Bite Latvija,BITE LV,BITE LV,1800 (GSM),247,05,4,8937105,2005-09-21,
EST,AS Eesti Telekom,EMT,EMT,EMT,900 (GSM),248,01,3,8937201,2014-10-03,
EST,Elisa Eesti AS,Elisa Eesti,EE Elisa,Elisa,900 (GSM),248,02,1,8937202,2014-09-16,
EST,Tele2 Eesti AS,Tele2,Tele2 EE,Tele2 EE,1800 (GSM),248,03,7,8937203,2010-03-30,
RUS,Mobile TeleSystems OJSC,MTS,MTS RUS,MTS RUS,900 (GSM),250,01,3,8970101,2014-12-02,
RUS,"MegaFon, Open Joint Stock Company",MegaFon,MegaFon RUS,MegaFon,1800 (GSM),250,02,1,8970102,2002-03-21,
RUS,CJSC Yeniseytelecom,Yeniseytelecom,ROSTELECOM,RTC,900 (GSM),250,05,,8970105,2014-10-31,
RUS,PJSC SMARTS,SMARTS,"RUS 07, RUS SMARTS",SMARTS,1800 (GSM),250,07,,8970107,2003-04-28,RUS 07, RUS SMARTS,null,
RUS,Baykalwestcom,Baykalwestcom,ROSTELECOM,RTC,900 (GSM),250,12,,8970112,2013-01-21,
RUS,PJSC SMARTS,SMARTS-Ufa,"RUS15, RUS SMARTS",SMARTS,1800 (GSM),250,15,,8970115,2004-04-07,RUS15, RUS SMARTS,null,
RUS,OJSC VimpelCom,New Telephone Company,NTC,NTC,900 (GSM),250,16,,8970116,2014-03-20,
RUS,OJSC Rostelecom,ROSTELECOM,ROSTELECOM,RTC,900 (GSM),250,17,,8970139,2011-11-08,
RUS,CJSC Volgograd Mobile,INDIGO,RUS INDIGO,INDIGO,1800 (GSM),250,19,,8970119,2002-06-25,
RUS,ZAO Kodotel,KODOTEL,KODOTEL,KODOTEL,1800 (GSM),250,37,"4,7,3",8974732,2009-09-22,
RUS,OJSC Rostelecom,ROSTELECOM (RUSUT),ROSTELECOM,RTC,1800 (GSM),250,39,6,8970139,2011-11-08,
RUS,OJSC VimpelCom,Beeline,Beeline,Beeline,2100 (3G),250,99,,8970199,2014-03-20,
UKR,MTS Ukraine,MTS UKR,MTS UKR,MTS UKR,900 (GSM),255,01,5,8938001,2007-05-28,
UKR,"Kyivstar, Private Joint Stock Company",Beeline UA,Beeline UA,Beeline,900 (GSM),255,02,1,8938002,2006-11-22,
UKR,"Kyivstar, Private Joint Stock Company",KYIVSTAR,UA-KYIVSTAR,UA-KS,900 (GSM),255,03,5,8938003,2004-04-16,
UKR,Golden Telecom LLC,GOLDEN TELECOM,UA-GT,GT,1800 (GSM),255,05,1,8938005,2004-04-16,
UKR,Astelit LLC,life:),life:),life:),900 (GSM),255,06,,8938006,2006-01-30,
BLR,Unitary enterprise velcom,VELCOM,BY VELCOM,VELCOM,900 (GSM),257,01,0,8937501,2014-05-07,
BLR,JLLC Mobile TeleSystems,MTS,MTS BY,MTS,1800 (GSM),257,02,1,8937502,2004-04-13,
BLR,Belarusian Telecommunications Network CJSC,Belarusian Telecommunications Network CJSC,life:) BY,life:)BY,1800 (GSM),257,04,,8937503,2014-06-13,
MDA,Moldcell SA,MOLDCELL,MD MOLDCELL,MDCELL,900 (GSM),259,02,2,8937302,2004-04-16,
MDA,MOLDTELECOM,UNITE,UNITE,UNITE,1900 (3G),259,05,,8937303,2011-09-15,
POL,Polkomtel Sp. z o.o.,Plus,Plus,PLUS,900 (GSM),260,01,2,894801,2012-08-24,
POL,Polska Telefonia Cyfrowa,T-Mobile.pl,T-Mobile.pl,TM PL,900 (GSM),260,02,"0,6",894802,2012-07-05,
POL,PTK Centertel,Orange,Orange PL,Orange,900 (GSM),260,03,"0,4",894803,2012-07-05,
POL,P4 Sp. z o.o,P4,Play,Play,2100 (3G),260,06,,894806,2011-09-15,
DEU,Telekom Deutschland GmbH,Telekom Deutschland GmbH,Telekom.de,TDG,900 (GSM),262,01,3,894902,2012-01-15,
DEU,Vodafone D2 GmbH,Vodafone,Vodafone.de,Vodafone,1800 (GSM),262,02,7,894920,2012-09-17,
DEU,E-Plus Mobilfunk GmbH & Co. KG,E-Plus,E-Plus,E-Plus,1800 (LTE),262,03,,894921,2014-12-03,
DEU,Telef?nica Germany GmbH & Co. OHG,O2 Germany,O2 de,O2 de,2600 (LTE),262,07,,894922,2014-12-16,o2 - de,null,
DEU,Telef?nica Germany GmbH & Co. OHG,O2 Germany,O2 de,O2 de,2100 (3G),262,08,,894922,2014-12-16,o2 - de,null,
GIB,CTS Gibraltar Ltd,CTS Mobile,CTS,CTS,2100 (3G),266,06,,8926606,2009-07-16,
GIB,Eazi Telecom Limited,Shine,Shine,Shine,1800 (GSM),266,09,,8935009,2012-05-25,
PRT,Vodafone Portugal,vodafone,vodafone P,voda P,900 (GSM),268,01,"0,3",8935101,2012-07-05,
PRT,"NOS �V Comunica??es, S.A.",NOS,NOS,NOS,900 (GSM),268,03,"0,4",8935103,2014-08-13,
PRT,MEO - Servi?os de Comunica??es e Multim?dia SA,MEO,MEO,MEO,900 (GSM),268,06,7,8935106,2014-10-07,
LUX,P & T Luxembourg,LUXGSM,L LUXGSM,LUXGSM,1800 (GSM),270,01,2,8935201,2005-01-06,POST,null,
LUX,TANGO SA,TANGO,L TANGO,TANGO,1800 (GSM),270,77,"0,2",8935277,2012-07-05,
LUX,Orange Communications Luxembourg S.A.,Orange,L Orange-LU,Orange,900 (GSM),270,99,,8935299,2009-10-05,
IRL,Telefonica Ireland Limited,O2-IRL,O2-IRL,O2-IRL,1800 (GSM),272,02,7,8935302,2013-08-27,
IRL,Meteor Mobile Telecommunications Limited,Meteor,IRL - METEOR,METEOR,1800 (GSM),272,03,4,8935303,2003-02-07,
ISL,Siminn hf,Siminn,Siminn,Siminn,2100 (3G),274,01,,"8935401, 8935412",2012-07-05,
ISL,Fjarskipti ehf,Vodafone Iceland,Vodafone,Vodafone,1800 (GSM),274,02,"2,4",8935402,2007-09-28,
ISL,Siminn hf,NE - On-Waves,On-waves,On-waves,900 (GSM),274,08,0,8935408,2011-12-22,
ISL,Siminn hf,Siminn,Siminn,Siminn,2100 (3G),274,12,,"8935401, 8935412",2012-07-05,
ALB,Albanian Mobile Communications sh.a,A M C MOBIL,A M C,A M C,900 (GSM),276,01,1,8935501,2014-11-18,
ALB,Vodafone Albania,Vodafone,Vodafone AL,Voda AL,900 (GSM),276,02,"0,5",8935502,2012-03-05,
ALB,ALBtelecom sh.a.,Eagle Mobile,EAGLE AL,EAGLE AL,2100 (3G),276,03,,8935503,2014-07-02,
ALB,PLUS COMMUNICATION,PLUS,PLUS AL,PLUS AL,900 (GSM),276,04,,8935504,2012-03-02,
MLT,Melita Mobile Ltd.,Melita Mobile Ltd,3GT MT,3GT,2100 (3G),278,77,,8935677,2013-03-12,
CYP,Cyprus Telecommunications Authority,Cytamobile-Vodafone,Cyta-Voda,CytaVoda,1800 (GSM),280,01,3,8935701,2014-11-13,
CYP,MTN Cyprus Limited,MTN,MTN,MTN,2100 (3G),280,10,,8935710,2012-07-05,
GEO,Geocell Ltd,GEOCELL,GEO-GEOCELL,GCELL,900 (GSM),282,01,5,8999501,2012-07-05,
GEO,Magticom Ltd,Magticom LTD,MAGTI-GSM-GEO,MAGTI,900 (GSM),282,02,2,8999597,2012-07-05,
ARM,ArmenTel,ARMGSM,Beeline AM,Beeline,900 (GSM),283,01,"0,1,2",8937401,2012-02-22,
ARM,K Telecom CJSC,MTS Armenia,MTS ARM,MTS Arm,900 (GSM),283,05,"0,5",8937405,2012-02-21,
ARM,Orange Armenia CJSC,Orange,Orange AM,Orange,900 (3G),283,10,,8937410,2012-03-26,
BGR,Mobiltel EAD,Mobiltel EAD,Mtel,Mtel,2100 (3G),284,01,,8935901,2014-04-22,
BGR,Bulgarian Telecommunications Company AD,Vivacom,Vivacom,Vivacom,900 (GSM),284,03,4,8935903,2012-04-24,
BGR,Telenor Bulgaria EAD,Telenor,Telenor BG,Telenor ,900 (GSM),284,05,5,8935905,2014-11-07,
FRO,Faroese Telecom,Faroese Telecom,Foroya Tele,FT-GSM,2100 (3G),288,01,,8929801,2012-09-13,
FRO,P/F Kall,VODAFONE FO,VODAFONE FO,VODAFONE,2100 (3G),288,02,,8929802,2014-12-03,
SMR,San Marino Telecom Spa,San Marino Telecom,SMT,SMT,1800 (GSM),292,01,,8937801,2013-07-04,
SVN,SI.MOBIL d.d.,SI.mobil d.d,Si.mobil,Si.mobil,1800 (GSM),293,40,,8938840,2008-07-17,
SVN,Telekom Slovenije d.d.,MOBITEL,MOBITEL,MOBITEL,1800 (GSM),293,41,"3,7",8938641,2012-07-05,
SVN,Tusmobil d.o.o.,Tusmobil,SI TUSMOBIL,TUS,900 (GSM),293,70,,8938670,2007-04-23,
MKD,ONE Telecommunications Services DOO Skopje,ONE,ONE MK,ONE,2100 (3G),294,02,,8938902,2012-09-12,
MKD,VIP OPERATOR DOOEL Skopje,VIP MKD,Vip MKD,Vip MKD,1800 (GSM),294,03,4,8938903,2007-10-08,
LIE,Swisscom (Switzerland) Ltd (Liechtenstein),Swisscom,SwisscomFL,Swiss FL,900 (GSM),295,01,"1,5",894101,2012-09-12,
LIE,Orange (Liechtenstein) AG,Orange FL,Orange FL,OFL,900 (GSM),295,02,2,8942302,2004-04-16,
LIE,Mobilkom (Liechtenstein) AG,FL1,FL1,FL1,2100 (3G),295,05,,8942305,2007-03-20,
MNE,Telenor D.o.o. Podgorica,Telenor,Telenor,Telenor,1800 (LTE),297,01,,8938201,2013-07-31,
MNE,Crnogorski Telekom a.d. Podgorica ,Telekom.me,Telekom.me,T.me,900 (GSM),297,02,3,8938200,2014-08-13,
CAN,TELUS Communications Company,TELUS,TELUS,TELUS,1900 (3G),302,220,,891223,2012-11-07,
CAN,Bragg Communications Inc,Bragg Communications Inc,Eastlink,Eastlink,2100 (3G),302,270,,891035,2012-01-15,
CAN,Data & Audio-Visual Enterprises Wireless Inc. (DAVE),Data & Audio-Visual Enterprises Wireless Inc. (DAVE),Mobilicity,Mobilici,1700 (3G),302,320,,891320,2014-06-13,
CAN,Bell Mobility Inc.,Bell Mobility,Bell,Bell,2600 (LTE),302,610,,89302610,2014-03-20,
CAN,Rogers Wireless Inc,Rogers Wireless,Rogers Wireless,ROGERS,850 (3G),302,720,,8930272,2014-12-03,
CAN,TerreStar Solutions Inc,TerreStar Solutions,CAN TerreStar Solutions,TStarSol,2100 (3G),302,730,,8930273,2010-04-01,
CAN,SaskTel,SaskTel shared with Bell & TELUS,FastRoam,FastRoam,1900 (3G),302,880,,,2012-11-07,
CAN,Wightman Telecom Ltd,Wightman Telecom,Wightman,Wightman,850 (GSM),302,940,,8930294,2010-12-02,
USA,Union Telephone Company,Union Telephone Company,US - Union Telephone,UnionTel,850 (GSM),310,020,"0,5",8901020,2012-07-05,
USA,AT&T Mobility,AT&T Mobility,AT&T,AT&T,1900 (GSM),310,030,,8901030,2014-03-21,
USA,New Mexico RSA 4 East Ltd Partnership,Plateau Wireless,US PLATEAU,PLATEAU,1900 (GSM),310,100,,8901100,2004-01-22,
GUM,Pulse Mobile LLC,Pulse Mobile LLC,GTA,GTA,850 (GSM),310,140,1,8901000,2014-05-21,
USA,AT&T Mobility,AT&T Mobility,AT&T,AT&T,700 (LTE),310,150,,8901150,2014-03-21,
USA,AT&T Mobility,AT&T Mobility,AT&T,AT&T,1900 (3G),310,170,,8931017,2014-03-21,
USA,"C T Cube, LP",West Central Wireless,West Central Wireless,WCW,1900 (GSM),310,180,,8901180,2014-07-28,
310,260,T-Mobile,
USA,AT&T Mobility,AT&T Mobility,AT&T,AT&T,700 (LTE),310,280,,8901280,2014-03-21,
USA,"Smith Bagley, Inc.",CellularOne,USA - CellularOne,Cell,850 (GSM),310,320,,8901320,2002-11-01,
GUM,"Docomo Pacific, Inc.",DOCOMO PACIFIC INC,USA DOCOMO PACIFIC,DOCOMOPA,850 (3G),310,370,, 891377,2014-10-07,DOCOMO PACIFIC,null,
USA,AT&T Mobility,AT&T Mobility,AT&T,AT&T,1900 (3G),310,380,,8901438,2014-03-21,
USA,AT&T Mobility,AT&T Mobility,AT&T,AT&T,850 (3G),310,410,,8931041,2014-03-21,
USA,"North East Colorado Cellular, Inc (NECCI)",Viaero Wireless,Cell One of NE Colorado,NECCI,850 (GSM),310,450,"0,1",8901450,2012-10-19,
USA,Verizon Wireless,Verizon Wireless,Verizon,Verizon,1900 (GSM),310,590,,,2012-10-19,
USA,"Commnet Wireless, LLC",Commnet,USA - Commnet,Commnet,1900 (GSM),311,040,,,2014-06-09,
USA,"CTC Telcom, Inc.",CTC Telcom Wireless,MOSAIC,MOSAIC,2100 (3G),311,500,,8901500,2013-05-21,
USA,United States Cellular Corporation,U.S.Cellular,U.S.Cellular,USCC,2100 (LTE),311,580,,8901580,2014-03-20,
311,660,Metro PCS,
USA,"Sagebrush Cellular, Inc.",Sagebrush,Sagebrush,SGB,700 (LTE),312,480,,891480,2014-04-07,
PRI,Puerto Rico Telephone Company Inc.,Claro GSM,PR Claro,Claro,850 (GSM),330,110,,891787,2008-02-24,
MEX,Radiomovil Dipsa SA de CV (TELCEL),TELCEL GSM,TELCEL,TELCEL,1900 (GSM),334,020,2,8952020,2011-07-22,
MEX,Iusacell S.A. de C.V.,Iusacell GSM,Iusacell GSM,Iusacell,850 (GSM),334,050,"0,7",8952050,2012-07-05,
MEX,"NII Digital, S. de R.L. de C.V.",Nextel Mexico,Nextel 3G,Nextel3G,2100 (3G),334,090,,8952090,2013-02-26,
JAM,Digicel (Jamaica) Limited,Digicel Jamaica,DIGICEL,DIGICEL,1800 (GSM),338,050,1,891050,2012-09-13,
GUF,Outremer Telecom,Outremer,ONLY,ONLY,1800 (GSM),340,02,"0,1","8959402, 8959602, 8959002",2012-07-05,
MAF,United Telecommunications Services Caraibe SARL,Tel Cell,CHIPPIE,CHIPPIE,900 (GSM),340,03,"0,7",895999,2009-12-04,
GLP,Dauphin Telecom,DAUPHIN,DAUPHIN,DAUPHIN,900 (GSM),340,08,3,893400810+8,2009-04-22,
GLP,Digicel Antilles Fran?aise Guyane,Digicel,Digicel,DigicelF,900 (GSM),340,20,"4,5",8959620,2014-12-03,
BRB,Digicel (Barbados) Limited,Digicel,DIGICEL,DIGICEL,1800 (GSM),342,750,2,890105,2004-11-05,
CYM,Cable & Wireless (Cayman Islands) Ltd,LIME,LIME,LIME,850 (GSM),346,140,1,8901015,2012-05-18,
VGB,Caribbean Cellular Telephone,CCT,CCT Boatphone,CCTBVI,1900 (GSM),348,570,"0,1",8901570,2012-07-05,
BMU,Bermuda Digital Communications Limited,CELLONE,CELLONE,CELLONE,1900 (GSM),350,000,,891351,2012-10-03,
BMU,Telecommunications (Bermuda & West Indies) Ltd,Digicel Bermuda,Cingular,Cingular,1900 (GSM),350,010,,89310380,2014-10-07,
GRD,Digicel Grenada Ltd.,Digicel,DIGICEL,DIGICEL,1800 (GSM),352,030,0,8901050,2004-11-05,
KNA,Cable & Wireless St. Kitts & Nevis Ltd,LIME,LIME,LIME,1900 (GSM),356,110,4,8901020,2012-05-18,
LCA,Digicel (St Lucia) Limited,Digicel (St Lucia),DIGICEL,DIGICEL,1900 (GSM),358,050,,,2004-11-05,
VCT,Digicel (St. Vincent and the Grenadines) Limited,Digicel (St. Vincent and Grenadines),DIGICEL,DIGICEL,900 (GSM),360,070,,,2004-11-05,
ANT,Telefonia Bonairiano NV (Telbo),Kla,Kla,Kla,1900 (3G),362,78,,8936278,2014-05-21,
ABW,Servicio di Telecomunicacion di Aruba,SETAR GSM,SETAR,SETAR,1800 (GSM),363,01,,8929786,2014-10-31,
BHS,The Bahamas Telecommunications Company Ltd.,The Bahamas Telecommunications Company Ltd,BTC,BTC,1900 (GSM),364,39,,891282,2014-10-31,
DMA,Wireless Ventures (Dominica) Ltd.,Digicel Dominica,Cingular,Cingular,1900 (GSM),366,020,,89310380,2004-12-21,
DOM,Orange Dominicana S.A.,ORANGE,Orange,Orange,1900 (GSM),370,01,0,890101,2013-02-20,
DOM,"Compa?ia Dominicana de Telefonos, S.A.",CLARO GSM,CLARO DOM,ClaroDOM,1900 (GSM),370,02,"0,1",890102,2012-03-05,
HTI,Communication Cellulaire d'Haiti SA,Comcel,COMCEL,VOILA,850 (GSM),372,01,1,8950901,2005-09-15,
HTI,National Telecom S.A.,Natcom,Natcom,Natcom,900 (GSM),372,03,"0,3",8950903,2014-10-07,
AZE,Azercell Telecom LLC,AZERCELL GSM,AZE - AZERCELL GSM,ACELL,2100 (3G),400,01,,8999401,2012-10-04,
AZE,Bakcell Limited Liable Company,Bakcell LLC,BAKCELL AZ,BAKCELL,1800 (GSM),400,02,3,8999455,2014-04-17,
AZE,Azerfon LLC,Nar Mobile,AZ Nar,Nar,2100 (3G),400,04,,8999404,2012-07-05,
BTN,"Tashi InfoComm Ltd, Thimphu",TASHICELL,TASHICELL,TASHICEL,900 (GSM),402,77,,8997577,2014-06-13,
IND,Vodafone India Limited,Vodafone - Delhi,Vodafone IN,Vodafone,900 (GSM),404,11,"5,7",899111,2007-08-10,
IND,Vodafone India Limited,Vodafone - Mumbai,Vodafone IN,Vodafone,900 (GSM),404,20,"0,5",899120,2012-07-05,
IND,Unitech Wireless (Tamilnadu) Pvt. Ltd,uninor,IN UNITECH,UNITECH,1800 (GSM),405,813,,,2009-08-28,
IND,Unitech Wireless (Tamilnadu) Pvt. Ltd,uninor,IN UNITECH,UNITECH,1800 (GSM),405,814,,,2009-08-28,
IND,Unitech Wireless (Tamilnadu) Pvt. Ltd,uninor,IN UNITECH,UNITECH,1800 (GSM),405,815,,,2009-08-28,
IND,Unitech Wireless (Tamilnadu) Pvt. Ltd,uninor,IN UNITECH,UNITECH,1800 (GSM),405,816,,,2009-08-28,
IND,Unitech Wireless (Tamilnadu) Pvt. Ltd,uninor,IN UNITECH,UNITECH,1800 (GSM),405,817,,,2009-08-28,
IND,Unitech Wireless (Tamilnadu) Pvt. Ltd,uninor,IN UNITECH,UNITECH,1800 (GSM),405,820,,,2009-08-28,
IND,Unitech Wireless (Tamilnadu) Pvt. Ltd,uninor,IN UNITECH,UNITECH,1800 (GSM),405,821,,,2009-08-28,
IND,Unitech Wireless (Tamilnadu) Pvt. Ltd,uninor,IN UNITECH,UNITECH,1800 (GSM),405,822,,,2009-08-28,
IND,Unitech Wireless (Tamilnadu) Pvt. Ltd,uninor,IN UNITECH,UNITECH,1800 (GSM),405,844,,,2012-10-25,
IND,Unitech Wireless (Tamilnadu) Pvt. Ltd,uninor,IN UNITECH,UNITECH,1800 (GSM),405,877,,,2009-08-28,
IND,Unitech Wireless (Tamilnadu) Pvt. Ltd,uninor,IN UNITECH,UNITECH,1800 (GSM),405,878,,,2009-08-28,
IND,Unitech Wireless (Tamilnadu) Pvt. Ltd,uninor,IN UNITECH,UNITECH,1800 (GSM),405,880,,,2009-08-28,
IND,Unitech Wireless (Tamilnadu) Pvt. Ltd,uninor,IN UNITECH,UNITECH,1800 (GSM),405,925,,,2009-08-28,
IND,Unitech Wireless (Tamilnadu) Pvt. Ltd,uninor,IN UNITECH,UNITECH,1800 (GSM),405,926,,,2009-08-28,
IND,Unitech Wireless (Tamilnadu) Pvt. Ltd,uninor,IN UNITECH,UNITECH,1800 (GSM),405,928,,,2009-08-28,
PAK,Mobilink-PMCL,Mobilink,Mobilink,Mobilink,900 (GSM),410,01,,"89921, 89922",2005-04-26,
PAK,CMPak Limited,ZONG,ZONG,ZONG,1800 (GSM),410,04,"0,4",899204,2012-07-05,
PAK,Telenor Pakistan (Pvt) Ltd.,Telenor Pakistan (Pvt) Ltd.,Telenor PK,TELENOR,900 (GSM),410,06,"0,4",8941006,2012-07-05,
PAK,Warid Telecom (PVT) Ltd,Warid Telecom,WaridTel,WaridTel,1800 (GSM),410,07,"0,5",899207,2012-07-05,
AFG,Afghan Wireless Communication Company,AWCC,AF AWCC,AWCC,1800 (GSM),412,01,"0,1",899301,2012-02-09,
AFG,MTN Afghanistan,MTN Afghanistan,MTN AF,MTN,900 (GSM),412,40,"4,5",899340,2012-02-01,
AFG,Etisalat Afghanistan,Etisalat Afghanistan,Etisalat Af,Etisalat,900 (GSM),412,50,7,8993501,2007-03-22,
LKA,Dialog Axiata Plc,DIALOG,DIALOG,DIALOG,2100 (3G),413,02,,899402,2014-11-13,
SRI,ETISALAT Lanka (Private) Limited,ETISALAT,SRI Etisalat,Etisalat,1800 (GSM),413,03,"3,5",899403,2010-03-19,
LKA,Bharti Airtel Lanka (Private) Limited,airtel,SRI AIRTEL,Airtel,900 (GSM),413,05,,899405,2014-04-17,
LKA,Hutchison Telecommunications Lanka (Pte) Limited,Hutchison Telecommunications Lanka (Pte),Hutch,Hutch,900 (GSM),413,08,2,899408,2004-11-30,
MMR,Ooredoo Myanmar Limited,Ooredoo,Ooredoo,Ooredoo,900 (3G),414,05,,899505,2014-12-02,
SYR,Syriatel Mobile Telecom SA,SYRIATEL,SYRIATEL,SYRIATEL,1800 (GSM),417,01,4,8996301,2002-10-01,
SYR,MTN Syria (JSC),MTN Syria,MTN,MTN,1800 (GSM),417,02,"0,1",89963,2012-07-05,
KWT,Mobile Telecommunications Co.,zain KW,Zain KW,zain KW,900 (GSM),419,02,"2,3,4,5",899659,2012-07-05,
KWT,National Mobile Telecommunications Company (K.S.C),Ooredoo,Ooredoo,Ooredoo,1800 (GSM),419,03,,8996503,2014-06-09,
KWT,Kuwait Telecom Company,VIVA KUWAIT,"KT, VIVA",VIVA,1800 (GSM),419,04,,8996504,2012-03-26,KT, VIVA,null,
SAU,Saudi Telecom Company (STC),STC,STC,STC,2100 (3G),420,01,,896601,2008-10-09,
SAU,Etihad Etisalat Company,Mobily,Mobily-KSA,Mobily,2100 (3G),420,03,,8996603,2012-07-03,
SAU,MTC Saudi Arabia,Zain Saudi Arabia,Zain SA,Zain SA,2100 (3G),420,04,,8996604,2012-07-03,Zain KSA,null,
OMN,Oman Telecommunications Company S.A.O.G.,Omantel Oman,Omantel,Omantel,900 (GSM),422,02,4,8996800,2014-12-02,
OMN,Omani Qatari Telecommunication Company SAOG,nawras,nawras,nawras,900 (GSM),422,03,"0,3",8996803,2014-11-13,
ARE,Emirates Telecom Corp-ETISALAT,ETISALAT,ETISALAT,ETISALAT,900 (GSM),424,02,6,899711,2013-08-06,
ARE,Emirates Integrated Telecommunications Company PJSC,du,du,du,1800 (GSM),424,03,"5,7",8997103,2012-07-05,
ISR,Partner Communications Company Ltd.,Orange IL,Orange IL,OrangeIL,900 (GSM),425,01,,8997201,2014-12-03,
ISR,Cellcom Israel Ltd.,Cellcom Israel ,Cellcom IL ,Cellcom,850 (3G),425,02,,8997202,2014-04-11,Cellcom IL,null,
ISR,Pelephone Communication Ltd.,Pelephone,IL Pelephone,PCL,850 (3G),425,03,,8997250,2014-10-02,
PSE,Wataniya Palestine Mobile Telecommunications Company,Wataniya Mobile,"PS, Wataniya Mobile",WM,900 (GSM),425,06,6,8997006,2011-09-15,PS, Wataniya Mobile,null,
BHR,Zain Bahrain B.S.C,Zain BH,Zain BH,Zain BH,900 (GSM),426,02,"0,1",8997302,2012-04-25,
BHR,VIVA Bahrain B.S.C. Closed,VIVA,VIVA BH,VIVA BH,1800 (GSM),426,04,,8997304,2010-03-19,
QAT,Ooredoo QSC,Ooredoo,Ooredoo,Ooredoo,1800 (3G),427,01,,8997401,2014-04-07,
QAT,Vodafone Qatar Q.S.C.,Vodafone Qatar,vodafone,VF-QA,900 (GSM),427,02,"2,3",8942702,2011-09-15,
MNG,G- Mobile Corporation,G-Mobile Corporation,GMOBILE_MN,GMOBILE,2100 (3G),428,06,,8997606,2012-08-03,
MNG,Unitel LLC,Unitel,MONGOLIA UNITEL LLC,UNTLMN,1800 (GSM),428,88,,8997688,2006-09-01,
NPL,Spice Nepal Private Ltd,Ncell,Ncell,Ncell,1800 (GSM),429,02,"5,7",8997702,2010-02-02,
IRN,Mobile Telecommunication Company of Iran,MCI,IR-TCI,IR-TCI,900 (GSM),432,11,"0,2",8998110,2014-03-25,
IRN,Irancell Telecommunications Services Company,MTN Irancell,MTN Irancell,Irancell,1800 (GSM),432,35,,8998432,2008-08-05,
UZB,Unitel LLC,Beeline,Beeline UZ,Beeline,900 (GSM),434,04,4,8999804,2012-03-15,
UZB,FE Coscom LLC,Ucell,UZB Ucell,Ucell,2100 (3G),434,05,,8999893,2012-02-16,
UZB,"Universal Mobile Systems, LLC",UMS,UMS-UZB,UMS,900 (GSM),434,07,,8999807,2014-11-13,
TJK,Indigo Tajikistan CJSC,TCELL,TCELL,TCELL,2100 (3G),436,01,,"8999292, 8999293",2012-11-05,
TJK,Indigo Tajikistan CJSC,TCELL,TCELL,TCELL,900 (GSM),436,02,,8999293,2012-10-19,
TJK,"TT Mobile, Closed Joint Stock Company",MegaFon Tajikistan,MegaFon TJK,MegaFon,900 (GSM),436,03,2,8999203,2011-12-01,
TJK,Tacom LLC,BEELINE TJ,BEELINE TJ,BEELINE,900 (GSM),436,05,,8999291,2006-09-01,
KGZ,Alfa Telecom Joint Stock Company,MEGACOM,MEGACOM,MEGACOM,900 (GSM),437,05,3,8999605,2006-01-30,
KGZ,NurTelecom LLC,O!,O!,O!,1800 (GSM),437,09,,8999609,2008-08-26,
TKM,Altyn Asyr MC,Altyn Asyr,TM CELL,TM CELL,1800 (GSM),438,02,"0,6",8999302,2012-07-05,
KOR,LG Uplus Corp.,LG Uplus Corp,KOR LG Uplus,LG U+,800 (LTE),450,06,,898206,2012-11-07,
VNM,Vietnam Mobile Telecom Services Company,Mobifone,VN Mobifone,Mobifone,2100 (3G),452,01,,898401,2014-06-03,
VNM,Viettel Corporation,Viettel Mobile,VNM and VIETTEL,VIETTEL,1800 (GSM),452,04,,898404,2010-12-20,
HKG,CSL Limited,CSL,CSL,CSL,1800 (GSM),454,00,"1,4",8985200,2012-07-05,
HKG,CSL Limited,CSL,CSL,CSL,900 (GSM),454,02,"1,4",8985200,2012-07-05,
HKG,Hutchison Telecom (HK) Ltd,3,3,3,2100 (3G),454,03,,8985203,2012-12-19,
HKG,Hutchison Telecom (HK) Ltd,3,3(2G),3(2G),900 (GSM),454,04,"0,1,4",8985204,2012-12-19,
HKG,SmarTone Mobile Communications Limited,SmarTone HK,SmarTone HK,SMC HK,1800 (GSM),454,06,"0,1,4",8985206,2012-07-05,
HKG,SmarTone Mobile Communications Limited,SmarTone HK,SmarTone HK,SMC HK,900 (GSM),454,15,"0,1,4",8985206,2012-07-05,
HKG,Hong Kong Telecommunications (HKT) Limited,HKT,PCCW-HKT,PCCW-HKT,2100 (3G),454,16,,"8985216, 8985219",2013-02-22,
HKG,SmarTone Mobile Communications Limited,SmarTone HK,SmarTone HK,SMC HK,1800 (GSM),454,17,"0,1,4",8985206,2012-07-05,
HKG,Hong Kong Telecommunications (HKT) Limited,HKT,PCCW-HKT,PCCW-HKT,2600 (LTE),454,19,,"8985216, 8985219",2013-02-20,
HKG,Hong Kong Telecommunications (HKT) Limited,HKT,PCCW-HKT,PCCW-HKT,2600 (LTE),454,20,,"8985216, 8985219",2013-02-20,
MAC,SmarTone Mobile Communications (Macau) Ltd,SmarTone,SmarTone MAC,SMC MAC,900 (GSM),455,00,0,8985300,2011-11-09,
MAC,CTM,CTM,CTM,CTM,900 (GSM),455,01,5,8985301,2006-07-04,
MAC,Hutchison Telephone (Macau) Company Ltd,3 Macau,3 Macau,3 Macau,900 (GSM),455,03,3,8985303,2012-10-19,
MAC,CTM,CTM,CTM,CTM,2100 (3G),455,04,,8985301,2007-06-13,
KHM,Cambodia Advance Communications Co. Ltd (CADCOMMS),CADCOMMS,CADCOMMS,CADCOMMS,2100 (3G),456,04,,8985504,2012-07-05,
KHM,"Latelz Co., Ltd",SMART,SMART,SMART,1800 (GSM),456,06,3,8985506,2012-01-17,
KHM,"VIETTEL (CAMBODIA) PTE., LTD",Metfone,Metfone,Metfone,900 (GSM),456,08,"0,7",8985508,2012-07-05,
KHM,Sotelco Ltd.,Beeline-KH,Beeline KH,Beeline,1800 (GSM),456,09,"0,7","8985509090, 8985509081",2011-09-15,
456,11,SEATEL,
KHM,"Mfone Co., Ltd",Mfone,Mfone,Mfone,1800 (GSM),456,18,7,8985518,2012-07-05,
LAO,Star Telecom Company Limited (STL),LAT,Unitel,UNITEL,900 (GSM),457,03,"0,8",8945703,2012-07-05,
LAO,"VimpelCom Lao, Ltd",Beeline,TIGO LAO,TIGO,1800 (GSM),457,08,0,8985608,2009-09-20,
CHN,China Unicom,CHINA UNICOM GSM,CHN-UNICOM,UNICOM,2100 (3G),460,01,,898601,2014-10-31,
460,09,CHN-UNICOM,
CHN,China Telecommunications Corporation,China Telecom,CHN-CT,CT,2000 (CDMA),460,11,,898611,2014-10-31,
TWN,Far EasTone Telecommunications Co Ltd,Far EasTone,Far EasTone,FET,2100 (3G),466,01,,8988601,2014-09-16,
TWN,Taiwan Star Telecom Corporation Limited,T Star,T Star,T Star,2100 (3G),466,89,,8988689,2014-11-18,
TWN,Chunghwa Telecom,Chunghwa Telecom,Chunghwa Telecom,Chunghwa,1800 (GSM),466,92,"0,1,2",8988692,2012-11-26,
BGD,Grameenphone Ltd,Grameenphone,Grameenphone,Grameen,1800 (GSM),470,01,"0,4",898801,2012-04-18,
470,09,BGD-BIEL,
MDV,Ooredoo Maldives Private Ltd,Ooredoo Maldives PVT LTD,Ooredoo Maldives PVT LTD,Ooredoo,900 (GSM),472,02,"0,2",8996002,2014-04-07,
MYS,Maxis Communications Berhad,MMS & MB,MY MAXIS,MY MAXIS,1800 (GSM),502,12,5,896001,2004-04-16,
AUS,Telstra Corporation Limited,Telstra MobileNet,Telstra Mobile,Telstra,1800 (LTE),505,01,,896101,2014-07-21,
AUS,SingTel Optus Pty Limited,YES OPTUS,YES OPTUS,Optus,2100 (3G),505,02,,896102,2014-10-07,
AUS,Vodafone Pacific Limited,Vodafone,vodafone AU,voda AU,1800 (GSM),505,03,2,896103,2013-04-09,
IDN,ACeS International Limited (AIL),ACeS International Limited (AIL),ACeS,ACeS,Satellite (GSM),510,00,,896200,2012-02-21,
IDN,PT Indonesian Satellite Corporation Tbk (INDOSAT),INDOSAT,IND INDOSAT,INDOSAT,1800 (GSM),510,01,3,896201,2004-04-14,
IDN,PT. AXIS Telekom Indonesia,AXIS,AXIS,AXIS,2100 (3G),510,08,,896208,2012-07-05,
IDN,PT Telekomunikasi Selular,TELKOMSEL,IND TELKOMSEL,T-SEL,900 (GSM),510,10,2,896210,2004-04-19,
IDN,Excelcom,XL,IND XL,XL,900 (GSM),510,11,4,8962818,2005-11-17,
IDN,Hutchison CP Telecommunications,3,3,3,1800 (GSM),510,89,,896289,2012-07-05,
PHL,Globe Telecom,Globe Telecom,Globe Telecom-PH,GLOBE,1800 (GSM),515,02,"2,3",896302,2004-04-16,
PHL,"Smart Communications, Inc",SMART Gold,SMART,SMART,1800 (GSM),515,03,3,896303,2004-04-16,
PHL,"Digitel Mobile Philippines, Inc",Digitel Mobile/Sun Cellular,PH Sun Cellular,SUN,1800 (GSM),515,05,5,896305,2004-04-16,
SGP,SingTel Mobile Singapore Pte. Ltd.,SingTel,SingTel,SingTel,1800 (LTE),525,01,,896501,2013-08-27,Singtel,null,
SGP,SingTel Mobile Singapore Pte. Ltd.,SingTel,SingTel,SingTel,1800 (GSM),525,02,"1,4,6",896501,2013-08-20,Singtel,null,
SGP,M1 Limited,M1 Limited,SGP-M1,M1,2100 (3G),525,03,,896503,2012-10-03,
SGP,StarHub Mobile Pte Ltd,STARHUB,STARHUB,STARHUB,2100 (3G),525,05,,896505,2012-10-19,StarHub,null,
NZL,Spark New Zealand,Spark New Zealand Trading Limited,Spark NZ,Spark NZ,850 (3G),530,05,,896405,2014-10-17,
NZL,Two Degrees Mobile Limited,2degrees,2degrees,2degrees,900 (GSM),530,24,5,896424,2009-05-08,
PNG,BMobile Limited,bmobile,bmobile,bmobile,900 (GSM),537,01,"0,1",8967501,2014-05-07,
SLB,Solomon Telekom Co Ltd,BREEZE,SI BREEZE,BREEZE,900 (GSM),540,01,,8954001,2005-08-17,
SLB,BMobile Limited,bmobile,bmobile,bmobile,900 (GSM),540,02,,8967702,2014-05-07,
VUT,Digicel (Vanuatu) Ltd,Digicel,Digicel,Digicel,900 (3G),541,05,,8967805,2012-01-09,
FJI,Vodafone Fiji Limited,VODAFONE,FJ VODAFONE,VODAFONE,900 (GSM),542,01,2,8967901,2014-12-03,
FJI,Digicel (Fiji) Limited,Digicel (Fiji) Limited,DIGICEL,DIGICEL,900 (3G),542,02,,8967902,2012-07-05,
ASM,"American Samoa License, Inc.",BLUESKY,Bluesky Communications,BLUESKY,850 (GSM),544,110,,891684,2012-05-02,
KIR,Telecom Services Kiribati Limited (TSKL),Kiribati Frigate,KL-Frigate,KI-FRIG,900 (GSM),545,09,,8968672,2004-04-16,
PYF,Pacific Mobile Telecom s.a.s,Vodafone,Vodafone PF,VF PF,900 (GSM),547,15,1,8968915,2012-12-19,
PYF,Vini S.A.S.,VINI,F-VINI,VINI,2100 (3G),547,20,1,8968920,2014-12-03,
WSM,Bluesky Samoa Limited,Bluesky Samoa Limited,Bluesky,Bluesky,900 (GSM),549,27,,8968527,2012-10-19,
RMI,Marshall Islands National Telecommunications Authority,NTA,MH-NTA,NTA,1800 (GSM),551,01,"0,0,1",8969201,2013-07-17,
PLW,Palau Mobile Corporation,Palau Mobile,PLWPMC,PLWPMC,1800 (GSM),552,80,"2,4",8968080,2012-07-05,
EGY,Etisalat Misr,Etisalat,Etisalat,Etisalat,1800 (GSM),602,03,,8920033,2013-02-20,
DZA,ATM MOBILIS,Mobilis,ALG Mobilis,Mobilis,900 (GSM),603,01,5,8921301,2005-02-17,
DZA,Orascom Telecom Algerie Spa,Djezzy,Djezzy,Djezzy,1800 (GSM),603,02,"0,3",8921302,2012-07-05,
DZA,Wataniya T?l?com Alg?rie,Ooredoo Algerie,Ooredoo ,Ooredoo,900 (GSM),603,03,,8921303,2014-03-20,Ooredoo,null,
MOR,Itissalat Al-Maghrib S.A.,IAM,MOR IAM,IAM,2100 (3G),604,01,,8921201,2013-08-06,
Mar,Wana Corporate S.A.,WANA,inwi,inwi,900 (GSM),604,02,,8921202,2013-03-15,
TUN,"ORANGE TUNISIE, SA",Orange Tunisie,Orange,Orange,900 (GSM),605,01,,8921601,2009-12-02,
GMB,Africell (Gambia) Ltd,AFRICELL,AFRICELL,AFRICELL,1800 (GSM),607,02,,,2012-08-09,
GMB,Comium Gambia Ltd,Comium Gambia,GM COMIUM,GMCOMIUM,1800 (GSM),607,03,,8922003,2006-11-22,
GMB,QCELL Limited,Qcell,Qcell,QC,2100 (3G),607,04,,8922004,2012-10-19,
SEN,Sudan Telecom Company Ltd,Expresso Senegal,SEN expresso,Expresso,1800 (GSM),608,03,,8922103,2012-08-13,
MRT,CHINGUITEL S.A.,Chinguitel,MR Expresso,EMR,900 (GSM),609,02,"0,4",8922202,2012-03-05,
GIN,Orange Guinee SA,Orange Guinee,Orange GN,ORANGEGN,1800 (GSM),611,01,,8922401,2007-06-26,
GIN,Areeba Guinea,MTN,GNMTN,GNAreeba,1800 (GSM),611,04,"1,2",8922404,2012-08-01,
CIV,Atlantique Telecom Cote d'Ivoire,ETISALAT,ETISALAT CI,ETISALAT,900 (GSM),612,02,"0,7",8922502,2012-03-05,MOOV CI,null,
CIV,Comium Ivory Coast Inc,Comium Ivory Coast INC.,KoZ,KoZ,1800 (GSM),612,04,,8922504,2012-04-24,
NER,Orange Niger S.A,Orange Niger,Orange NE,Orange,1800 (GSM),614,04,,8922704,2009-02-26,
BEN,Spacetel-Benin,Spacetel-Benin,MTN BENIN,MTNBENIN,1800 (GSM),616,03,7,8922903,2014-06-13,
BEN,Bell Benin Communications (BBCOM),Bell Benin Communication BBCOM,BELL BENIN COMMUNICATION,BBCOM,900 (GSM),616,04,3,8922904,2012-01-31,
BEN,Glomobile Benin Limited,GloBenin,GloBenin,GloBenin,1800 (GSM),616,05,5,8922905,2007-12-11,
LBR,Novafone Inc.,Novafone Inc,Novafone 4G,Novafone,2100 (3G),618,04,,8923105,2014-03-20,
LBR,"Cellcom Telecommunications, Inc",Cellcom,Celcom GSM,Celcom,900 (GSM),618,07,"0,7",8923103,2012-07-05,
GHA,Airtel Ghana Limited,Airtel,Airtel,Airtel,1800 (GSM),620,06,,8923306,2014-08-13,
NGA,Airtel Networks Limited,Airtel,Airtel,Airtel,1800 (GSM),621,20,,8923462120,2014-07-02,
NGA,MTN Nigeria Communications Limited,MTN Nigeria,MTN - NG,MTN-NG,900 (GSM),621,30,"0,7",8923430,2012-07-05,
NGA,Globacom Limited,Glo Mobile,Glo NG,glo,1800 (GSM),621,50,,8923450,2014-12-02,
NGA,Emerging Markets Telecommunication Services Ltd,Etisalat Nigeria,Etisalat Nigeria,Etisalat,900 (GSM),621,60,,8923460,2013-07-31,
TCD,Mobilsotel S.A.,SALAM,SALAM,SALAM,900 (GSM),622,07,"1,2,3,4",8923504,2013-03-12,
CMR,VIETTEL CAMEROUN S.A.R.L ,Nexttel,Nexttel,Nexttel,900 (GSM),624,04,,8923704,2014-09-30,
CPV,"UNITEL T+ TELECOMUNICAC?ES, Sociedade Unipessoal S.A.",UNITEL T+ TELECOMUNICAC?ES,UNITELT+,UNITELT+,2100 (3G),625,02,"0,1",8923802,2014-10-17,
STP,Unitel STP S.a.r.l.,Unitel STP,Unitel STP,Unitel,900 (3G),626,02,,8923902,2014-06-09,
COG,EQUATEUR TELECOM CONGO S.A (ETC),Azur Congo,AZUR COG,AZUR COG,900 (GSM),629,02,,8924202,2012-07-05,
COG,Warid Congo JSC,Warid Congo,Airtel,Airtel,900 (GSM),629,07,,8962907,2014-07-28,
COD,Vodacom Congo (RDC) sprl,Vodacom Congo,Vodacom Congo,VODACOM,1800 (GSM),630,01,1,8924301,2014-12-03,
COD,Congo Chine Telecom Sarl,Orange RDC,Orange RDC,Orange,900 (GSM),630,86,"4,5,6",8924384,2012-12-19,
COD,Yozma Timeturns s.p.r.l.,YTT,CD Smart,Smart,900 (GSM),630,88,"0,6,7",8924388,2012-03-13,
COD,TIGO,TIGO,TIGO DRC,TIGO,1800 (GSM),630,89,"2,3",8924389,2013-02-11,
COD,Africell RDC sprl,Africell RDC,Africell RDC,AFRICELL,900 (GSM),630,90,"4,6",8924390,2013-01-25,
AGO,Unitel S.A.,UNITEL,UNITEL,UNITEL,1800 (LTE),631,02,,8924402,2014-07-28,
GNB,Spacetel Guinee-Bissau SA,MTN,MTN,MTN,1800 (GSM),632,02,"1,2,3",8924502,2012-07-05,
SDN,Sudanese Mobile Telephone (Zain) Co. Ltd,Zain Sudan,Zain SDN,Zain SD,2100 (3G),634,01,,8924901,2014-11-18,
SDN,MTN Sudan,MTN,MTN,MTN,2100 (3G),634,02,,8924902,2007-01-23,
RWA,Tigo Rwanda Ltd,TIGO RWANDA LTD,TIGO RWANDA,TIGO RW,2100 (3G),635,13,,8925013,2014-04-07,
RWA,Bharti Airtel Rwanda Holdings B.V.,Airtel,Airtel,Airtel,2100 (3G),635,14,,8925014,2014-07-28,
SOM,Somafone FZLLC,SOMAFONE,SOMAFONE,SOMAFONE,900 (GSM),637,04,"0,3",8925260,2012-07-05,
SOM,Somnet Telecom Inc,Somnet TELECOM Inc,Somnet TELECOM Inc,SOMNET,900 (GSM),637,20,,8925268,2013-01-22,
SOM,Somtel GSM FZCO  (Somtel International Ltd.),SOMTEL,SOMTEL,SOMTEL,1800 (GSM),637,71,,8925271,2008-11-26,
KEN,Airtel Networks Kenya Limited,Airtel,Airtel,Airtel,1800 (GSM),639,03,"0,1",8925403,2014-07-28,
KEN,Telkom Kenya Limited,Orange Kenya,GSM Telkom,GSMTKL,900 (GSM),639,07,,8925407,2011-09-15,
TZA,MIC Tanzania Limited,Tigo,TIGO - TZ,TIGO,900 (GSM),640,02,"3,4,5,6",8925502,2012-07-05,
TZA,Zanzibar Telecom Ltd,ZANTEL,ZANTEL-TZ,ZANTEL,1800 (GSM),640,03,"0,7",8925503,2012-07-05,
TZA,Vodacom Tanzania Limited,Vodacom Tanzania Limited,VodaCom,VodaCom,1800 (GSM),640,04,0,8925504,2004-04-16,
TZA,Airtel Tanzania Limited,Airtel,Airtel,Airtel,900 (GSM),640,05,"0,1",8925505,2014-08-13,
UGA,Airtel Uganda Limited,Airtel ,Airtel ,Airtel ,1800 (GSM),641,01,,8925601,2014-09-29,
UGA,Uganda Telecom Ltd,Uganda Telecom,Uganda Telecom,UTL,900 (GSM),641,11,"7,1",8925611,2012-08-13,
UGA,Orange Uganda Limited,ORANGE UGANDA LIMITED,ORANGE UGANDA,OUL,1800 (GSM),641,14,,8925614,2009-07-16,
UGA,Suretelcom Uganda Limited,SMART Uganda,Suretelcom,suretel,1800 (GSM),641,18,,8925618,2014-10-07,
UGA,Airtel Uganda Limited,Airtel ,Airtel ,Airtel ,1800 (GSM),641,22,,8964170,2014-09-29,Airtel,null,
BDI,Econet Wireless Burundi PLC,Econet Wireless Burundi,BDI ECONET,EWB,1900 (3G),642,01,,8964201,2012-09-25,
MOZ,Mocambique Celular S.A.R.L (mcel),mcel,MOZ - mCel,mCel,900 (GSM),643,01,0,8925801,2003-08-20,
MOZ,Movitel S.A.,MOVITEL,MOVITEL,MOVITEL,2100 (3G),643,03,,8925803,2012-07-10,
MOZ,"VM, S.A.",Vodacom Mozambique,VodaCom-MZ,VodaCom,1800 (GSM),643,04,,8925804,2014-06-13,
MDG,Airtel Madagascar SA,Airtel,Airtel,Airtel,900 (GSM),646,01,"0,7",8926101,2014-07-21,
REU,Orange Reunion,Orange Reunion,Orange re,Orange,900 (GSM),647,00,0,8926200,2008-07-23,
REU,OUTREMER TELECOM,OUTREMER TELECOM,ONLY,OUTREMER,900 (GSM),647,02,"0,1",8926202,2012-07-05,
REU,Societe Reunionnaise de Radiotelephone,SFR REUNION,SFR REUNION,SFR RU,900 (GSM),647,10,,893310,2008-07-23,
NAM,MTC Namibia,MTC,MTC NAMIBIA,MTCNAM,900 (GSM),649,01,0,8926401,2004-04-16,
NAM,Telecom Namibia Limited,tnmobile?,tnmobile,tnmobile,1800 (GSM),649,03,,8926403,2013-07-17,
MWI,Telekom Networks Malawi Ltd,TNM,TNM,TNM,1800 (GSM),650,01,0,8926501,2008-04-01,
BWA,Botswana Telecommunications Corporation,beMOBILE,beMOBILE,beMOBILE,1800 (GSM),652,04,0,8926704,2013-02-26,
ZAF,Telkom SA Ltd,Telkom SA Ltd,TelkomSA,TelkomSA,2100 (3G),655,02,,892702,2013-03-28,
ZAF,Cell C (Pty) Ltd,Cell C,Cell C,Cell C,900 (GSM),655,07,7,892703,2004-04-16,
SSD,MTN South Sudan Ltd,MTN South Sudan,MTN,MTN,1800 (GSM),659,02,4,8921102,2012-03-15,
SSD,Gemtel Ltd,Gemtel Ltd,Gemtel,Gemtel,900 (GSM),659,03,1,8965903,2012-05-18,
SSD,Network of The World,Vivacell,Vivacell,Vivacell,900 (GSM),659,04,,8921104,2012-01-24,
SSD,Sudanese Mobile Telephone (Zain) Co.Ltd,Sudanese Mobile Telephone (ZAIN) CO.LTD,ZAIN SS,ZAIN SS,1800 (GSM),659,06,"0,1",8921101,2014-11-18,
GTM,"Telecomunicaciones de Guatemala, S.A. (TELGUA)",CLARO,CLARO GTM,CLAROGTM,1900 (GSM),704,01,,8950201,2014-04-17,
SLV,"Telef?nica M?viles El Salvador, S.A de C.V.",Telefonica,Movistar,Movistar,850 (GSM),706,04,4,8950304,2014-09-16,
NIC,Empresa Nicaraguense de Telecomunicaciones S.A. - ENITEL,CLARO NIC,CLARO NIC,ClaroNIC,850 (3G),710,21,,8950521,2012-09-25,
NIC,Empresa Nicaraguense de Telecomunicaciones S.A. - ENITEL,CLARO NIC,CLARO NIC,ClaroNIC,850 (3G),710,73,,8950521,2012-09-25,
NIC,Telefonia Celular de Nicaragua S.A.,movistarNI,MOVISTARNI,movistar,850 (GSM),710,300,"0,4",8950530,2012-07-05,Movistar,null,
CRI,I.C.E. (Instituto Costarricense de Electricidad),I.C.E.,I.C.E.,I.C.E.,850 (3G),712,01,,8950601,2012-07-05,
CRI,I.C.E. (Instituto Costarricense de Electricidad),I.C.E.,I.C.E.,I.C.E.,1800 (GSM),712,02,0,8950601,2011-05-26,
CRI,"Telef?nica de Costa Rica TC, S.A.",Movistar,Movistar,Movistar,850 (3G),712,04,,8950604,2012-10-23,
PER,Viettel Peru S.A.C.,Viettel Peru S.A.C.,Viettel Peru,VTP,900 (GSM),716,15,,895115,2013-04-09,
ARG,AMX Argentina S.A.,CLARO ARGENTINA,CLARO ARGENTINA,CLARO AR,850 (GSM),722,310,4,8954310,2008-03-18,
ARG,Telecom Personal SA,Personal,AR PERSONAL,AR TP,850 (GSM),722,341,"0,1",8954341,2012-07-05,
BRA,TIM Celular S.A.,TIM BRASIL,TIM BRASIL,TIM,1800 (GSM),724,02,"0,2",8955,2014-10-07,
BRA,TIM Celular S.A.,TIM BRASIL,TIM BRASIL,TIM,850 (3G),724,03,,8955,2014-10-07,
BRA,TIM Celular S.A.,TIM BRASIL,TIM BRASIL,TIM,2100 (3G),724,04,,8955,2014-10-07,
BRA,Claro S.A,Claro,Claro,Claro,1800 (GSM),724,05,,8955050,2014-06-13,
BRA,Vivo S.A.,Vivo,VIVO,VIVO,850 (3G),724,06,,895506,2014-11-18,
BRA,Vivo S.A.,Vivo,VIVO,VIVO,700 (LTE),724,10,, 895510,2014-11-18,
BRA,Vivo S.A.,Vivo,VIVO,VIVO,850 (3G),724,11,,895511,2014-11-18,
BRA,Sercomtel Celular S/A,Sercomtel Celular S/A,BRA SCTL,SCTL,1800 (GSM),724,15,"0,4",895515,2012-05-18,
BRA,Vivo S.A.,Vivo,VIVO,VIVO,850 (GSM),724,23,,895523,2014-11-18,
BRA,Oi M?vel S.A,Oi,Oi,Oi,900 (GSM),724,24,,895524,2014-06-09,
BRA,Nextel Servi?os de Telecomunica??es Ltda,Nextel Brasil,Nextel Brasil,Nextel,1900 (3G),724,39,,895563,2014-07-02,
730,01,ENTEL PCS,
CHL,Telef?nica M?vil de Chile S.A.,Telefonica Movil de Chile,Movistar,Movistar,1900 (GSM),730,02,5,895602,2014-04-11,
CHL,Telef?nica M?vil de Chile S.A.,Telefonica Movil de Chile,Movistar,Movistar,850 (GSM),730,07,5,895602,2014-04-11,
CHL,"VTR MOVIL, S.A.",VTR MOVIL  S.A,CHL VTR,VTR,1700 (3G),730,08,,895608,2012-07-04,
CHL,Nextel S.A.,Nextel Chile,Nextel 3G,Nextel3G,1700 (3G),730,09,,,2011-01-26,
CHL,Entel PCS Telecomunicaciones S.A.,ENTEL PCS,ENTEL PCS,ENTEL,1900 (3G),730,10,0,895610,2014-12-03,
COL,Comunicacion Celular SA Comcel SA,Claro,Claro,Claro,850 (GSM),732,101,,8957101,2012-06-22,
COL,Telefonica Moviles Colombia S.A.,Movistar,Movistar,Movistar,1900 (GSM),732,123,"0,7",8957123,2013-02-20,
732,187,ETB 4G,
VEN,Corporacion Digitel C.A.,DIGITEL GSM,DIGITEL GSM,DIGITEL,900 (GSM),734,02,4,895802,2013-03-12,
BOL,Entel SA,Entel,BOMOV,EMOVIL,900 (GSM),736,02,2,8959102,2004-04-13,
GUY,Guyana Telephone and Telegraph Company,Cellink Plus,GUY CLNK PLS,CLNKPLS,900 (GSM),738,002,"0,0,2",8959200,2014-06-09,
ECU,Otecel Sociedad An?nima,MOVISTAR,Movistar,Movistar,850 (GSM),740,00,"0,7",8959300,2015-01-05,
ECU,Conecel S.A. (Consorcio Ecuatoriano de Telecomunicaciones S.A.),Claro Ecuador,CLARO,CLARO,850 (GSM),740,01,,8959301,2012-07-05,
PRY,Nucleo S.A,Personal,PY Personal,Personal,1900 (GSM),744,05,"0,4",89744,2012-07-05,
SUR,Telesur,TELESUR.GSM,SR.TELESUR.GSM,TeleG,900 (GSM),746,02,"0,1",8959702,2012-07-05,
SUR,Digicel Suriname NV,Digicel Suriname NV,DIGICEL,DIGICEL,900 (GSM),746,03,,8959703,2008-07-23,
URY,Telefonica Moviles Del Uruguay S.A.,MOVISTAR,Movistar,Movistar,1900 (GSM),748,07,"0,1",8959807,2012-07-05,
FLK,Sure South Atlantic Limited,Sure South Atlantic Limited,Sure FLK,Sure,1800 (GSM),750,001,,8950001,2014-06-13,
ITA,Telecom Italia SpA,Telecom Italia,TIM@sea,TIM@sea,900 (GSM),901,26,2,,2014-03-20,
901,45,AISatSea,
